imagefile,class
0.jpg,Angela_Merkel
1.jpg,Angela_Merkel
2.jpg,Angela_Merkel
3.jpg,Angela_Merkel
4.jpg,Angela_Merkel
5.jpg,Angela_Merkel
6.jpg,Angela_Merkel
7.jpg,Angela_Merkel
8.jpg,Angela_Merkel
9.jpg,Angela_Merkel
10.jpg,Angela_Merkel
11.jpg,Angela_Merkel
12.jpg,Angela_Merkel
13.jpg,Angela_Merkel
14.jpg,Angela_Merkel
15.jpg,Angela_Merkel
16.jpg,Angela_Merkel
17.jpg,Angela_Merkel
18.jpg,Angela_Merkel
19.jpg,Angela_Merkel
20.jpg,Angela_Merkel
21.jpg,Angela_Merkel
22.jpg,Angela_Merkel
23.jpg,Angela_Merkel
24.jpg,Angela_Merkel
25.jpg,Angela_Merkel
26.jpg,Angela_Merkel
27.jpg,Angela_Merkel
28.jpg,Angela_Merkel
29.jpg,Angela_Merkel
30.jpg,Angela_Merkel
31.jpg,Angela_Merkel
32.jpg,Angela_Merkel
33.jpg,Angela_Merkel
34.jpg,Angela_Merkel
35.jpg,Angela_Merkel
36.jpg,Angela_Merkel
37.jpg,Angela_Merkel
38.jpg,Angela_Merkel
39.jpg,Angela_Merkel
40.jpg,Angela_Merkel
41.jpg,Angela_Merkel
42.jpg,Angela_Merkel
43.jpg,Angela_Merkel
44.jpg,Angela_Merkel
45.jpg,Angela_Merkel
46.jpg,Angela_Merkel
47.jpg,Angela_Merkel
48.jpg,Angela_Merkel
49.jpg,Angela_Merkel
50.jpg,Angela_Merkel
51.jpg,Angela_Merkel
52.jpg,Angela_Merkel
53.jpg,Angela_Merkel
54.jpg,Angela_Merkel
55.jpg,Angela_Merkel
56.jpg,Angela_Merkel
57.jpg,Angela_Merkel
58.jpg,Angela_Merkel
59.jpg,Angela_Merkel
60.jpg,Angela_Merkel
61.jpg,Angela_Merkel
62.jpg,Angela_Merkel
63.jpg,Angela_Merkel
64.jpg,Angela_Merkel
65.jpg,Angela_Merkel
66.jpg,Angela_Merkel
67.jpg,Angela_Merkel
68.jpg,Angela_Merkel
69.jpg,Angela_Merkel
70.jpg,Angela_Merkel
71.jpg,Angela_Merkel
72.jpg,Angela_Merkel
73.jpg,Angela_Merkel
74.jpg,Angela_Merkel
75.jpg,Angela_Merkel
76.jpg,Angela_Merkel
77.jpg,Angela_Merkel
78.jpg,Angela_Merkel
79.jpg,Angela_Merkel
80.jpg,Angela_Merkel
81.jpg,Angela_Merkel
82.jpg,Angela_Merkel
83.jpg,Angela_Merkel
84.jpg,Angela_Merkel
85.jpg,Angela_Merkel
86.jpg,Angela_Merkel
87.jpg,Angela_Merkel
88.jpg,Angela_Merkel
89.jpg,Angela_Merkel
90.jpg,Angela_Merkel
91.jpg,Angela_Merkel
92.jpg,Angela_Merkel
93.jpg,Angela_Merkel
94.jpg,Angela_Merkel
95.jpg,Angela_Merkel
96.jpg,Angela_Merkel
97.jpg,Angela_Merkel
98.jpg,Angela_Merkel
99.jpg,Angela_Merkel
100.jpg,Angela_Merkel
101.jpg,Angela_Merkel
102.jpg,Angela_Merkel
103.jpg,Angela_Merkel
104.jpg,Angela_Merkel
105.jpg,Angela_Merkel
106.jpg,Angela_Merkel
107.jpg,Angela_Merkel
108.jpg,Angela_Merkel
109.jpg,Angela_Merkel
110.jpg,Angela_Merkel
111.jpg,Angela_Merkel
112.jpg,Angela_Merkel
113.jpg,Angela_Merkel
114.jpg,Angela_Merkel
115.jpg,Angela_Merkel
116.jpg,Angela_Merkel
117.jpg,Angela_Merkel
118.jpg,Angela_Merkel
119.jpg,Angela_Merkel
120.jpg,Angela_Merkel
121.jpg,Angela_Merkel
122.jpg,Angela_Merkel
123.jpg,Angela_Merkel
124.jpg,Angela_Merkel
125.jpg,Angela_Merkel
126.jpg,Angela_Merkel
127.jpg,Angela_Merkel
128.jpg,Angela_Merkel
129.jpg,Angela_Merkel
130.jpg,Angela_Merkel
131.jpg,Angela_Merkel
132.jpg,Angela_Merkel
133.jpg,Angela_Merkel
134.jpg,Angela_Merkel
135.jpg,Angela_Merkel
136.jpg,Angela_Merkel
137.jpg,Angela_Merkel
138.jpg,Angela_Merkel
139.jpg,Angela_Merkel
140.jpg,Angela_Merkel
141.jpg,Angela_Merkel
142.jpg,Angela_Merkel
143.jpg,Angela_Merkel
144.jpg,Angela_Merkel
145.jpg,Angela_Merkel
146.jpg,Angela_Merkel
147.jpg,Angela_Merkel
148.jpg,Angela_Merkel
149.jpg,Angela_Merkel
150.jpg,Angela_Merkel
151.jpg,Angela_Merkel
152.jpg,Angela_Merkel
153.jpg,Angela_Merkel
154.jpg,Angela_Merkel
155.jpg,Angela_Merkel
156.jpg,Angela_Merkel
157.jpg,Angela_Merkel
158.jpg,Angela_Merkel
159.jpg,Angela_Merkel
160.jpg,Angela_Merkel
161.jpg,Angela_Merkel
162.jpg,Angela_Merkel
163.jpg,Angela_Merkel
164.jpg,Angela_Merkel
165.jpg,Angela_Merkel
166.jpg,Angela_Merkel
167.jpg,Angela_Merkel
168.jpg,Angela_Merkel
169.jpg,Angela_Merkel
170.jpg,Angela_Merkel
171.jpg,Angela_Merkel
172.jpg,Angela_Merkel
173.jpg,Angela_Merkel
174.jpg,Angela_Merkel
175.jpg,Angela_Merkel
176.jpg,Angela_Merkel
177.jpg,Angela_Merkel
178.jpg,Angela_Merkel
179.jpg,Angela_Merkel
180.jpg,Angela_Merkel
181.jpg,Angela_Merkel
182.jpg,Angela_Merkel
183.jpg,Angela_Merkel
184.jpg,Angela_Merkel
185.jpg,Angela_Merkel
186.jpg,Angela_Merkel
187.jpg,Angela_Merkel
188.jpg,Angela_Merkel
189.jpg,Angela_Merkel
190.jpg,Angela_Merkel
191.jpg,Angela_Merkel
192.jpg,Angela_Merkel
193.jpg,Angela_Merkel
194.jpg,Angela_Merkel
195.jpg,Angela_Merkel
196.jpg,Angela_Merkel
197.jpg,Angela_Merkel
198.jpg,Angela_Merkel
199.jpg,Angela_Merkel
200.jpg,Angela_Merkel
201.jpg,Angela_Merkel
202.jpg,Angela_Merkel
203.jpg,Angela_Merkel
204.jpg,Angela_Merkel
205.jpg,Angela_Merkel
206.jpg,Angela_Merkel
207.jpg,Angela_Merkel
208.jpg,Angela_Merkel
209.jpg,Angela_Merkel
210.jpg,Angela_Merkel
211.jpg,Angela_Merkel
212.jpg,Angela_Merkel
213.jpg,Angela_Merkel
214.jpg,Angela_Merkel
215.jpg,Angela_Merkel
216.jpg,Angela_Merkel
217.jpg,Angela_Merkel
218.jpg,Angela_Merkel
219.jpg,Angela_Merkel
220.jpg,Angela_Merkel
221.jpg,Angela_Merkel
222.jpg,Angela_Merkel
223.jpg,Angela_Merkel
224.jpg,Angela_Merkel
225.jpg,Angela_Merkel
226.jpg,Angela_Merkel
227.jpg,Angela_Merkel
228.jpg,Angela_Merkel
229.jpg,Angela_Merkel
230.jpg,Angela_Merkel
231.jpg,Angela_Merkel
232.jpg,Angela_Merkel
233.jpg,Angela_Merkel
234.jpg,Angela_Merkel
235.jpg,Angela_Merkel
236.jpg,Angela_Merkel
237.jpg,Angela_Merkel
238.jpg,Angela_Merkel
239.jpg,Angela_Merkel
240.jpg,Angela_Merkel
241.jpg,Angela_Merkel
242.jpg,Angela_Merkel
243.jpg,Angela_Merkel
244.jpg,Angela_Merkel
245.jpg,Angela_Merkel
246.jpg,Angela_Merkel
247.jpg,Angela_Merkel
248.jpg,Angela_Merkel
249.jpg,Angela_Merkel
250.jpg,Angela_Merkel
251.jpg,Angela_Merkel
252.jpg,Angela_Merkel
253.jpg,Angela_Merkel
254.jpg,Angela_Merkel
255.jpg,Angela_Merkel
256.jpg,Angela_Merkel
257.jpg,Angela_Merkel
258.jpg,Angela_Merkel
259.jpg,Angela_Merkel
260.jpg,Angela_Merkel
261.jpg,Angela_Merkel
262.jpg,Angela_Merkel
263.jpg,Angela_Merkel
264.jpg,Angela_Merkel
265.jpg,Angela_Merkel
266.jpg,Angela_Merkel
267.jpg,Angela_Merkel
268.jpg,Angela_Merkel
269.jpg,Angela_Merkel
270.jpg,Angela_Merkel
271.jpg,Angela_Merkel
272.jpg,Angela_Merkel
273.jpg,Angela_Merkel
274.jpg,Angela_Merkel
275.jpg,Angela_Merkel
276.jpg,Angela_Merkel
277.jpg,Angela_Merkel
278.jpg,Angela_Merkel
279.jpg,Angela_Merkel
280.jpg,Angela_Merkel
281.jpg,Angela_Merkel
282.jpg,Angela_Merkel
283.jpg,Angela_Merkel
284.jpg,Angela_Merkel
285.jpg,Angela_Merkel
286.jpg,Angela_Merkel
287.jpg,Angela_Merkel
288.jpg,Angela_Merkel
289.jpg,Angela_Merkel
290.jpg,Angela_Merkel
291.jpg,Angela_Merkel
292.jpg,Angela_Merkel
293.jpg,Angela_Merkel
294.jpg,Angela_Merkel
295.jpg,Angela_Merkel
296.jpg,Angela_Merkel
297.jpg,Angela_Merkel
298.jpg,Angela_Merkel
299.jpg,Angela_Merkel
300.jpg,Angela_Merkel
301.jpg,Angela_Merkel
302.jpg,Angela_Merkel
303.jpg,Angela_Merkel
304.jpg,Angela_Merkel
305.jpg,Angela_Merkel
306.jpg,Angela_Merkel
307.jpg,Angela_Merkel
308.jpg,Angela_Merkel
309.jpg,Angela_Merkel
310.jpg,Angela_Merkel
311.jpg,Angela_Merkel
312.jpg,Angela_Merkel
313.jpg,Angela_Merkel
314.jpg,Angela_Merkel
315.jpg,Angela_Merkel
316.jpg,Angela_Merkel
317.jpg,Angela_Merkel
318.jpg,Angela_Merkel
319.jpg,Angela_Merkel
320.jpg,Angela_Merkel
321.jpg,Angela_Merkel
322.jpg,Angela_Merkel
323.jpg,Angela_Merkel
324.jpg,Angela_Merkel
325.jpg,Angela_Merkel
326.jpg,Angela_Merkel
327.jpg,Angela_Merkel
328.jpg,Angela_Merkel
329.jpg,Angela_Merkel
330.jpg,Angela_Merkel
331.jpg,Angela_Merkel
332.jpg,Angela_Merkel
333.jpg,Angela_Merkel
334.jpg,Angela_Merkel
335.jpg,Angela_Merkel
336.jpg,Angela_Merkel
337.jpg,Angela_Merkel
338.jpg,Angela_Merkel
339.jpg,Angela_Merkel
340.jpg,Angela_Merkel
341.jpg,Angela_Merkel
342.jpg,Angela_Merkel
343.jpg,Angela_Merkel
344.jpg,Angela_Merkel
345.jpg,Angela_Merkel
346.jpg,Angela_Merkel
347.jpg,Angela_Merkel
348.jpg,Angela_Merkel
349.jpg,Angela_Merkel
350.jpg,Angela_Merkel
351.jpg,Angela_Merkel
352.jpg,Angela_Merkel
353.jpg,Angela_Merkel
354.jpg,Angela_Merkel
355.jpg,Angela_Merkel
356.jpg,Angela_Merkel
357.jpg,Angela_Merkel
358.jpg,Angela_Merkel
359.jpg,Angela_Merkel
360.jpg,Angela_Merkel
361.jpg,Angela_Merkel
362.jpg,Angela_Merkel
363.jpg,Angela_Merkel
364.jpg,Angela_Merkel
365.jpg,Angela_Merkel
366.jpg,Angela_Merkel
367.jpg,Angela_Merkel
368.jpg,Angela_Merkel
369.jpg,Angela_Merkel
370.jpg,Angela_Merkel
371.jpg,Angela_Merkel
372.jpg,Angela_Merkel
373.jpg,Angela_Merkel
374.jpg,Angela_Merkel
375.jpg,Angela_Merkel
376.jpg,Angela_Merkel
377.jpg,Angela_Merkel
378.jpg,Angela_Merkel
379.jpg,Angela_Merkel
380.jpg,Angela_Merkel
381.jpg,Angela_Merkel
382.jpg,Angela_Merkel
383.jpg,Angela_Merkel
384.jpg,Angela_Merkel
385.jpg,Angela_Merkel
386.jpg,Angela_Merkel
387.jpg,Angela_Merkel
388.jpg,Angela_Merkel
389.jpg,Angela_Merkel
390.jpg,Angela_Merkel
391.jpg,Angela_Merkel
392.jpg,Angela_Merkel
393.jpg,Angela_Merkel
394.jpg,Angela_Merkel
395.jpg,Angela_Merkel
396.jpg,Angela_Merkel
397.jpg,Angela_Merkel
398.jpg,Angela_Merkel
399.jpg,Angela_Merkel
400.jpg,Angela_Merkel
401.jpg,Angela_Merkel
402.jpg,Angela_Merkel
403.jpg,Angela_Merkel
404.jpg,Angela_Merkel
405.jpg,Angela_Merkel
406.jpg,Angela_Merkel
407.jpg,Angela_Merkel
408.jpg,Angela_Merkel
409.jpg,Angela_Merkel
410.jpg,Angela_Merkel
411.jpg,Angela_Merkel
412.jpg,Angela_Merkel
413.jpg,Angela_Merkel
414.jpg,Angela_Merkel
415.jpg,Angela_Merkel
416.jpg,Angela_Merkel
417.jpg,Angela_Merkel
418.jpg,Angela_Merkel
419.jpg,Angela_Merkel
420.jpg,Angela_Merkel
421.jpg,Angela_Merkel
422.jpg,Angela_Merkel
423.jpg,Angela_Merkel
424.jpg,Angela_Merkel
425.jpg,Angela_Merkel
426.jpg,Angela_Merkel
427.jpg,Angela_Merkel
428.jpg,Angela_Merkel
429.jpg,Angela_Merkel
430.jpg,Angela_Merkel
431.jpg,Angela_Merkel
432.jpg,Angela_Merkel
433.jpg,Angela_Merkel
434.jpg,Angela_Merkel
435.jpg,Angela_Merkel
436.jpg,Angela_Merkel
437.jpg,Angela_Merkel
438.jpg,Angela_Merkel
439.jpg,Angela_Merkel
440.jpg,Angela_Merkel
441.jpg,Angela_Merkel
442.jpg,Angela_Merkel
443.jpg,Angela_Merkel
444.jpg,Angela_Merkel
445.jpg,Angela_Merkel
446.jpg,Angela_Merkel
447.jpg,Angela_Merkel
448.jpg,Angela_Merkel
449.jpg,Angela_Merkel
450.jpg,Angela_Merkel
451.jpg,Angela_Merkel
452.jpg,Angela_Merkel
453.jpg,Angela_Merkel
454.jpg,Angela_Merkel
455.jpg,Angela_Merkel
456.jpg,Angela_Merkel
457.jpg,Angela_Merkel
458.jpg,Angela_Merkel
459.jpg,Angela_Merkel
460.jpg,Angela_Merkel
461.jpg,Angela_Merkel
462.jpg,Angela_Merkel
463.jpg,Angela_Merkel
464.jpg,Angela_Merkel
465.jpg,Angela_Merkel
466.jpg,Angela_Merkel
467.jpg,Angela_Merkel
468.jpg,Angela_Merkel
469.jpg,Angela_Merkel
470.jpg,Angela_Merkel
471.jpg,Angela_Merkel
472.jpg,Angela_Merkel
473.jpg,Angela_Merkel
474.jpg,Angela_Merkel
475.jpg,Angela_Merkel
476.jpg,Angela_Merkel
477.jpg,Angela_Merkel
478.jpg,Angela_Merkel
479.jpg,Angela_Merkel
480.jpg,Angela_Merkel
481.jpg,Angela_Merkel
482.jpg,Angela_Merkel
483.jpg,Angela_Merkel
484.jpg,Angela_Merkel
485.jpg,Angela_Merkel
486.jpg,Angela_Merkel
487.jpg,Angela_Merkel
488.jpg,Angela_Merkel
489.jpg,Angela_Merkel
490.jpg,Angela_Merkel
491.jpg,Angela_Merkel
492.jpg,Angela_Merkel
493.jpg,Angela_Merkel
494.jpg,Angela_Merkel
495.jpg,Angela_Merkel
496.jpg,Angela_Merkel
497.jpg,Angela_Merkel
498.jpg,Angela_Merkel
499.jpg,Angela_Merkel
500.jpg,Angela_Merkel
501.jpg,Angela_Merkel
502.jpg,Angela_Merkel
503.jpg,Angela_Merkel
504.jpg,Angela_Merkel
505.jpg,Angela_Merkel
506.jpg,Angela_Merkel
507.jpg,Angela_Merkel
508.jpg,Angela_Merkel
509.jpg,Angela_Merkel
510.jpg,Angela_Merkel
511.jpg,Angela_Merkel
512.jpg,Angela_Merkel
513.jpg,Angela_Merkel
514.jpg,Angela_Merkel
515.jpg,Angela_Merkel
516.jpg,Angela_Merkel
517.jpg,Angela_Merkel
518.jpg,Angela_Merkel
519.jpg,Angela_Merkel
520.jpg,Angela_Merkel
521.jpg,Angela_Merkel
522.jpg,Angela_Merkel
523.jpg,Angela_Merkel
524.jpg,Angela_Merkel
525.jpg,Angela_Merkel
526.jpg,Angela_Merkel
527.jpg,Angela_Merkel
528.jpg,Angela_Merkel
529.jpg,Angela_Merkel
530.jpg,Angela_Merkel
531.jpg,Angela_Merkel
532.jpg,Angela_Merkel
533.jpg,Angela_Merkel
534.jpg,Angela_Merkel
535.jpg,Angela_Merkel
536.jpg,Angela_Merkel
537.jpg,Angela_Merkel
538.jpg,Angela_Merkel
539.jpg,Angela_Merkel
540.jpg,Angela_Merkel
541.jpg,Angela_Merkel
542.jpg,Angela_Merkel
543.jpg,Angela_Merkel
544.jpg,Angela_Merkel
545.jpg,Angela_Merkel
546.jpg,Angela_Merkel
547.jpg,Angela_Merkel
548.jpg,Angela_Merkel
549.jpg,Angela_Merkel
550.jpg,Angela_Merkel
551.jpg,Angela_Merkel
552.jpg,Angela_Merkel
553.jpg,Angela_Merkel
554.jpg,Angela_Merkel
555.jpg,Angela_Merkel
556.jpg,Angela_Merkel
557.jpg,Angela_Merkel
558.jpg,Angela_Merkel
559.jpg,Angela_Merkel
560.jpg,Angela_Merkel
561.jpg,Angela_Merkel
562.jpg,Angela_Merkel
563.jpg,Angela_Merkel
564.jpg,Angela_Merkel
565.jpg,Angela_Merkel
566.jpg,Angela_Merkel
567.jpg,Angela_Merkel
568.jpg,Angela_Merkel
569.jpg,Angela_Merkel
570.jpg,Angela_Merkel
571.jpg,Angela_Merkel
572.jpg,Angela_Merkel
573.jpg,Angela_Merkel
574.jpg,Angela_Merkel
575.jpg,Angela_Merkel
576.jpg,Angela_Merkel
577.jpg,Angela_Merkel
578.jpg,Angela_Merkel
579.jpg,Angela_Merkel
580.jpg,Angela_Merkel
581.jpg,Angela_Merkel
582.jpg,Angela_Merkel
583.jpg,Angela_Merkel
584.jpg,Angela_Merkel
585.jpg,Angela_Merkel
586.jpg,Angela_Merkel
587.jpg,Angela_Merkel
588.jpg,Angela_Merkel
589.jpg,Angela_Merkel
590.jpg,Angela_Merkel
591.jpg,Angela_Merkel
592.jpg,Angela_Merkel
593.jpg,Angela_Merkel
594.jpg,Angela_Merkel
595.jpg,Angela_Merkel
596.jpg,Angela_Merkel
597.jpg,Angela_Merkel
598.jpg,Angela_Merkel
599.jpg,Angela_Merkel
600.jpg,Angela_Merkel
601.jpg,Angela_Merkel
602.jpg,Angela_Merkel
603.jpg,Angela_Merkel
604.jpg,Angela_Merkel
605.jpg,Angela_Merkel
606.jpg,Angela_Merkel
607.jpg,Angela_Merkel
608.jpg,Angela_Merkel
609.jpg,Angela_Merkel
610.jpg,Angela_Merkel
611.jpg,Angela_Merkel
612.jpg,Angela_Merkel
613.jpg,Angela_Merkel
614.jpg,Angela_Merkel
615.jpg,Angela_Merkel
616.jpg,Angela_Merkel
617.jpg,Angela_Merkel
618.jpg,Angela_Merkel
619.jpg,Angela_Merkel
620.jpg,Angela_Merkel
621.jpg,Boris_Johnson
622.jpg,Boris_Johnson
623.jpg,Boris_Johnson
624.jpg,Boris_Johnson
625.jpg,Boris_Johnson
626.jpg,Boris_Johnson
627.jpg,Boris_Johnson
628.jpg,Boris_Johnson
629.jpg,Boris_Johnson
630.jpg,Boris_Johnson
631.jpg,Boris_Johnson
632.jpg,Boris_Johnson
633.jpg,Boris_Johnson
634.jpg,Boris_Johnson
635.jpg,Boris_Johnson
636.jpg,Boris_Johnson
637.jpg,Boris_Johnson
638.jpg,Boris_Johnson
639.jpg,Boris_Johnson
640.jpg,Boris_Johnson
641.jpg,Boris_Johnson
642.jpg,Boris_Johnson
643.jpg,Boris_Johnson
644.jpg,Boris_Johnson
645.jpg,Boris_Johnson
646.jpg,Boris_Johnson
647.jpg,Boris_Johnson
648.jpg,Boris_Johnson
649.jpg,Boris_Johnson
650.jpg,Boris_Johnson
651.jpg,Boris_Johnson
652.jpg,Boris_Johnson
653.jpg,Boris_Johnson
654.jpg,Boris_Johnson
655.jpg,Boris_Johnson
656.jpg,Boris_Johnson
657.jpg,Boris_Johnson
658.jpg,Boris_Johnson
659.jpg,Boris_Johnson
660.jpg,Boris_Johnson
661.jpg,Boris_Johnson
662.jpg,Boris_Johnson
663.jpg,Boris_Johnson
664.jpg,Boris_Johnson
665.jpg,Boris_Johnson
666.jpg,Boris_Johnson
667.jpg,Boris_Johnson
668.jpg,Boris_Johnson
669.jpg,Boris_Johnson
670.jpg,Boris_Johnson
671.jpg,Boris_Johnson
672.jpg,Boris_Johnson
673.jpg,Boris_Johnson
674.jpg,Boris_Johnson
675.jpg,Boris_Johnson
676.jpg,Boris_Johnson
677.jpg,Boris_Johnson
678.jpg,Boris_Johnson
679.jpg,Boris_Johnson
680.jpg,Boris_Johnson
681.jpg,Boris_Johnson
682.jpg,Boris_Johnson
683.jpg,Boris_Johnson
684.jpg,Boris_Johnson
685.jpg,Boris_Johnson
686.jpg,Boris_Johnson
687.jpg,Boris_Johnson
688.jpg,Boris_Johnson
689.jpg,Boris_Johnson
690.jpg,Boris_Johnson
691.jpg,Boris_Johnson
692.jpg,Boris_Johnson
693.jpg,Boris_Johnson
694.jpg,Boris_Johnson
695.jpg,Boris_Johnson
696.jpg,Boris_Johnson
697.jpg,Boris_Johnson
698.jpg,Boris_Johnson
699.jpg,Boris_Johnson
700.jpg,Boris_Johnson
701.jpg,Boris_Johnson
702.jpg,Boris_Johnson
703.jpg,Boris_Johnson
704.jpg,Boris_Johnson
705.jpg,Boris_Johnson
706.jpg,Boris_Johnson
707.jpg,Boris_Johnson
708.jpg,Boris_Johnson
709.jpg,Boris_Johnson
710.jpg,Boris_Johnson
711.jpg,Boris_Johnson
712.jpg,Boris_Johnson
713.jpg,Boris_Johnson
714.jpg,Boris_Johnson
715.jpg,Boris_Johnson
716.jpg,Boris_Johnson
717.jpg,Boris_Johnson
718.jpg,Boris_Johnson
719.jpg,Boris_Johnson
720.jpg,Boris_Johnson
721.jpg,Boris_Johnson
722.jpg,Boris_Johnson
723.jpg,Boris_Johnson
724.jpg,Boris_Johnson
725.jpg,Boris_Johnson
726.jpg,Boris_Johnson
727.jpg,Boris_Johnson
728.jpg,Boris_Johnson
729.jpg,Boris_Johnson
730.jpg,Boris_Johnson
731.jpg,Boris_Johnson
732.jpg,Boris_Johnson
733.jpg,Boris_Johnson
734.jpg,Boris_Johnson
735.jpg,Boris_Johnson
736.jpg,Boris_Johnson
737.jpg,Boris_Johnson
738.jpg,Boris_Johnson
739.jpg,Boris_Johnson
740.jpg,Boris_Johnson
741.jpg,Boris_Johnson
742.jpg,Boris_Johnson
743.jpg,Boris_Johnson
744.jpg,Boris_Johnson
745.jpg,Boris_Johnson
746.jpg,Boris_Johnson
747.jpg,Boris_Johnson
748.jpg,Boris_Johnson
749.jpg,Boris_Johnson
750.jpg,Boris_Johnson
751.jpg,Boris_Johnson
752.jpg,Boris_Johnson
753.jpg,Boris_Johnson
754.jpg,Boris_Johnson
755.jpg,Boris_Johnson
756.jpg,Boris_Johnson
757.jpg,Boris_Johnson
758.jpg,Boris_Johnson
759.jpg,Boris_Johnson
760.jpg,Boris_Johnson
761.jpg,Boris_Johnson
762.jpg,Boris_Johnson
763.jpg,Boris_Johnson
764.jpg,Boris_Johnson
765.jpg,Boris_Johnson
766.jpg,Boris_Johnson
767.jpg,Boris_Johnson
768.jpg,Boris_Johnson
769.jpg,Boris_Johnson
770.jpg,Boris_Johnson
771.jpg,Boris_Johnson
772.jpg,Boris_Johnson
773.jpg,Boris_Johnson
774.jpg,Boris_Johnson
775.jpg,Boris_Johnson
776.jpg,Boris_Johnson
777.jpg,Boris_Johnson
778.jpg,Boris_Johnson
779.jpg,Boris_Johnson
780.jpg,Boris_Johnson
781.jpg,Boris_Johnson
782.jpg,Boris_Johnson
783.jpg,Boris_Johnson
784.jpg,Boris_Johnson
785.jpg,Boris_Johnson
786.jpg,Boris_Johnson
787.jpg,Boris_Johnson
788.jpg,Boris_Johnson
789.jpg,Boris_Johnson
790.jpg,Boris_Johnson
791.jpg,Boris_Johnson
792.jpg,Boris_Johnson
793.jpg,Boris_Johnson
794.jpg,Boris_Johnson
795.jpg,Boris_Johnson
796.jpg,Boris_Johnson
797.jpg,Boris_Johnson
798.jpg,Boris_Johnson
799.jpg,Boris_Johnson
800.jpg,Boris_Johnson
801.jpg,Boris_Johnson
802.jpg,Boris_Johnson
803.jpg,Boris_Johnson
804.jpg,Boris_Johnson
805.jpg,Boris_Johnson
806.jpg,Boris_Johnson
807.jpg,Boris_Johnson
808.jpg,Boris_Johnson
809.jpg,Boris_Johnson
810.jpg,Boris_Johnson
811.jpg,Boris_Johnson
812.jpg,Boris_Johnson
813.jpg,Boris_Johnson
814.jpg,Boris_Johnson
815.jpg,Boris_Johnson
816.jpg,Boris_Johnson
817.jpg,Boris_Johnson
818.jpg,Boris_Johnson
819.jpg,Boris_Johnson
820.jpg,Boris_Johnson
821.jpg,Boris_Johnson
822.jpg,Boris_Johnson
823.jpg,Boris_Johnson
824.jpg,Boris_Johnson
825.jpg,Boris_Johnson
826.jpg,Boris_Johnson
827.jpg,Boris_Johnson
828.jpg,Boris_Johnson
829.jpg,Boris_Johnson
830.jpg,Boris_Johnson
831.jpg,Boris_Johnson
832.jpg,Boris_Johnson
833.jpg,Boris_Johnson
834.jpg,Boris_Johnson
835.jpg,Boris_Johnson
836.jpg,Boris_Johnson
837.jpg,Boris_Johnson
838.jpg,Boris_Johnson
839.jpg,Boris_Johnson
840.jpg,Boris_Johnson
841.jpg,Boris_Johnson
842.jpg,Boris_Johnson
843.jpg,Boris_Johnson
844.jpg,Boris_Johnson
845.jpg,Boris_Johnson
846.jpg,Boris_Johnson
847.jpg,Boris_Johnson
848.jpg,Boris_Johnson
849.jpg,Boris_Johnson
850.jpg,Boris_Johnson
851.jpg,Boris_Johnson
852.jpg,Boris_Johnson
853.jpg,Boris_Johnson
854.jpg,Boris_Johnson
855.jpg,Boris_Johnson
856.jpg,Boris_Johnson
857.jpg,Boris_Johnson
858.jpg,Boris_Johnson
859.jpg,Boris_Johnson
860.jpg,Boris_Johnson
861.jpg,Boris_Johnson
862.jpg,Boris_Johnson
863.jpg,Boris_Johnson
864.jpg,Boris_Johnson
865.jpg,Boris_Johnson
866.jpg,Boris_Johnson
867.jpg,Boris_Johnson
868.jpg,Boris_Johnson
869.jpg,Boris_Johnson
870.jpg,Boris_Johnson
871.jpg,Boris_Johnson
872.jpg,Boris_Johnson
873.jpg,Boris_Johnson
874.jpg,Boris_Johnson
875.jpg,Boris_Johnson
876.jpg,Boris_Johnson
877.jpg,Boris_Johnson
878.jpg,Boris_Johnson
879.jpg,Boris_Johnson
880.jpg,Boris_Johnson
881.jpg,Boris_Johnson
882.jpg,Boris_Johnson
883.jpg,Boris_Johnson
884.jpg,Boris_Johnson
885.jpg,Boris_Johnson
886.jpg,Boris_Johnson
887.jpg,Boris_Johnson
888.jpg,Boris_Johnson
889.jpg,Boris_Johnson
890.jpg,Boris_Johnson
891.jpg,Boris_Johnson
892.jpg,Boris_Johnson
893.jpg,Boris_Johnson
894.jpg,Boris_Johnson
895.jpg,Boris_Johnson
896.jpg,Boris_Johnson
897.jpg,Boris_Johnson
898.jpg,Boris_Johnson
899.jpg,Boris_Johnson
900.jpg,Boris_Johnson
901.jpg,Boris_Johnson
902.jpg,Boris_Johnson
903.jpg,Boris_Johnson
904.jpg,Boris_Johnson
905.jpg,Boris_Johnson
906.jpg,Boris_Johnson
907.jpg,Boris_Johnson
908.jpg,Boris_Johnson
909.jpg,Boris_Johnson
910.jpg,Boris_Johnson
911.jpg,Boris_Johnson
912.jpg,Boris_Johnson
913.jpg,Boris_Johnson
914.jpg,Boris_Johnson
915.jpg,Boris_Johnson
916.jpg,Boris_Johnson
917.jpg,Boris_Johnson
918.jpg,Boris_Johnson
919.jpg,Boris_Johnson
920.jpg,Boris_Johnson
921.jpg,Boris_Johnson
922.jpg,Boris_Johnson
923.jpg,Boris_Johnson
924.jpg,Boris_Johnson
925.jpg,Boris_Johnson
926.jpg,Boris_Johnson
927.jpg,Boris_Johnson
928.jpg,Boris_Johnson
929.jpg,Boris_Johnson
930.jpg,Boris_Johnson
931.jpg,Boris_Johnson
932.jpg,Boris_Johnson
933.jpg,Boris_Johnson
934.jpg,Boris_Johnson
935.jpg,Boris_Johnson
936.jpg,Boris_Johnson
937.jpg,Boris_Johnson
938.jpg,Boris_Johnson
939.jpg,Boris_Johnson
940.jpg,Boris_Johnson
941.jpg,Boris_Johnson
942.jpg,Boris_Johnson
943.jpg,Boris_Johnson
944.jpg,Boris_Johnson
945.jpg,Boris_Johnson
946.jpg,Boris_Johnson
947.jpg,Boris_Johnson
948.jpg,Boris_Johnson
949.jpg,Boris_Johnson
950.jpg,Boris_Johnson
951.jpg,Boris_Johnson
952.jpg,Boris_Johnson
953.jpg,Boris_Johnson
954.jpg,Boris_Johnson
955.jpg,Boris_Johnson
956.jpg,Boris_Johnson
957.jpg,Boris_Johnson
958.jpg,Boris_Johnson
959.jpg,Boris_Johnson
960.jpg,Boris_Johnson
961.jpg,Boris_Johnson
962.jpg,Boris_Johnson
963.jpg,Boris_Johnson
964.jpg,Boris_Johnson
965.jpg,Boris_Johnson
966.jpg,Boris_Johnson
967.jpg,Boris_Johnson
968.jpg,Boris_Johnson
969.jpg,Boris_Johnson
970.jpg,Boris_Johnson
971.jpg,Boris_Johnson
972.jpg,Boris_Johnson
973.jpg,Boris_Johnson
974.jpg,Boris_Johnson
975.jpg,Boris_Johnson
976.jpg,Boris_Johnson
977.jpg,Boris_Johnson
978.jpg,Boris_Johnson
979.jpg,Boris_Johnson
980.jpg,Boris_Johnson
981.jpg,Boris_Johnson
982.jpg,Boris_Johnson
983.jpg,Boris_Johnson
984.jpg,Boris_Johnson
985.jpg,Boris_Johnson
986.jpg,Boris_Johnson
987.jpg,Boris_Johnson
988.jpg,Boris_Johnson
989.jpg,Boris_Johnson
990.jpg,Boris_Johnson
991.jpg,Boris_Johnson
992.jpg,Boris_Johnson
993.jpg,Boris_Johnson
994.jpg,Boris_Johnson
995.jpg,Boris_Johnson
996.jpg,Boris_Johnson
997.jpg,Boris_Johnson
998.jpg,Boris_Johnson
999.jpg,Boris_Johnson
1000.jpg,Boris_Johnson
1001.jpg,Boris_Johnson
1002.jpg,Boris_Johnson
1003.jpg,Boris_Johnson
1004.jpg,Boris_Johnson
1005.jpg,Boris_Johnson
1006.jpg,Boris_Johnson
1007.jpg,Boris_Johnson
1008.jpg,Boris_Johnson
1009.jpg,Boris_Johnson
1010.jpg,Boris_Johnson
1011.jpg,Boris_Johnson
1012.jpg,Boris_Johnson
1013.jpg,Boris_Johnson
1014.jpg,Boris_Johnson
1015.jpg,Boris_Johnson
1016.jpg,Boris_Johnson
1017.jpg,Boris_Johnson
1018.jpg,Boris_Johnson
1019.jpg,Boris_Johnson
1020.jpg,Boris_Johnson
1021.jpg,Boris_Johnson
1022.jpg,Boris_Johnson
1023.jpg,Boris_Johnson
1024.jpg,Boris_Johnson
1025.jpg,Boris_Johnson
1026.jpg,Boris_Johnson
1027.jpg,Boris_Johnson
1028.jpg,Boris_Johnson
1029.jpg,Boris_Johnson
1030.jpg,Boris_Johnson
1031.jpg,Boris_Johnson
1032.jpg,Boris_Johnson
1033.jpg,Boris_Johnson
1034.jpg,Boris_Johnson
1035.jpg,Boris_Johnson
1036.jpg,Boris_Johnson
1037.jpg,Boris_Johnson
1038.jpg,Boris_Johnson
1039.jpg,Boris_Johnson
1040.jpg,Boris_Johnson
1041.jpg,Boris_Johnson
1042.jpg,Boris_Johnson
1043.jpg,Boris_Johnson
1044.jpg,Boris_Johnson
1045.jpg,Boris_Johnson
1046.jpg,Boris_Johnson
1047.jpg,Boris_Johnson
1048.jpg,Boris_Johnson
1049.jpg,Boris_Johnson
1050.jpg,Boris_Johnson
1051.jpg,Boris_Johnson
1052.jpg,Boris_Johnson
1053.jpg,Boris_Johnson
1054.jpg,Boris_Johnson
1055.jpg,Boris_Johnson
1056.jpg,Boris_Johnson
1057.jpg,Boris_Johnson
1058.jpg,Boris_Johnson
1059.jpg,Boris_Johnson
1060.jpg,Boris_Johnson
1061.jpg,Boris_Johnson
1062.jpg,Boris_Johnson
1063.jpg,Boris_Johnson
1064.jpg,Boris_Johnson
1065.jpg,Boris_Johnson
1066.jpg,Boris_Johnson
1067.jpg,Boris_Johnson
1068.jpg,Boris_Johnson
1069.jpg,Boris_Johnson
1070.jpg,Boris_Johnson
1071.jpg,Boris_Johnson
1072.jpg,Boris_Johnson
1073.jpg,Boris_Johnson
1074.jpg,Boris_Johnson
1075.jpg,Boris_Johnson
1076.jpg,Boris_Johnson
1077.jpg,Boris_Johnson
1078.jpg,Boris_Johnson
1079.jpg,Boris_Johnson
1080.jpg,Boris_Johnson
1081.jpg,Boris_Johnson
1082.jpg,Boris_Johnson
1083.jpg,Boris_Johnson
1084.jpg,Boris_Johnson
1085.jpg,Boris_Johnson
1086.jpg,Boris_Johnson
1087.jpg,Boris_Johnson
1088.jpg,Boris_Johnson
1089.jpg,Boris_Johnson
1090.jpg,Boris_Johnson
1091.jpg,Boris_Johnson
1092.jpg,Boris_Johnson
1093.jpg,Boris_Johnson
1094.jpg,Boris_Johnson
1095.jpg,Boris_Johnson
1096.jpg,Boris_Johnson
1097.jpg,Boris_Johnson
1098.jpg,Boris_Johnson
1099.jpg,Boris_Johnson
1100.jpg,Boris_Johnson
1101.jpg,Boris_Johnson
1102.jpg,Boris_Johnson
1103.jpg,Boris_Johnson
1104.jpg,Boris_Johnson
1105.jpg,Boris_Johnson
1106.jpg,Boris_Johnson
1107.jpg,Boris_Johnson
1108.jpg,Boris_Johnson
1109.jpg,Boris_Johnson
1110.jpg,Boris_Johnson
1111.jpg,Boris_Johnson
1112.jpg,Boris_Johnson
1113.jpg,Boris_Johnson
1114.jpg,Boris_Johnson
1115.jpg,Boris_Johnson
1116.jpg,Boris_Johnson
1117.jpg,Boris_Johnson
1118.jpg,Boris_Johnson
1119.jpg,Boris_Johnson
1120.jpg,Boris_Johnson
1121.jpg,Boris_Johnson
1122.jpg,Boris_Johnson
1123.jpg,Boris_Johnson
1124.jpg,Boris_Johnson
1125.jpg,Boris_Johnson
1126.jpg,Boris_Johnson
1127.jpg,Boris_Johnson
1128.jpg,Boris_Johnson
1129.jpg,Boris_Johnson
1130.jpg,Boris_Johnson
1131.jpg,Boris_Johnson
1132.jpg,Boris_Johnson
1133.jpg,Boris_Johnson
1134.jpg,Boris_Johnson
1135.jpg,Boris_Johnson
1136.jpg,Donald_Trump
1137.jpg,Donald_Trump
1138.jpg,Donald_Trump
1139.jpg,Donald_Trump
1140.jpg,Donald_Trump
1141.jpg,Donald_Trump
1142.jpg,Donald_Trump
1143.jpg,Donald_Trump
1144.jpg,Donald_Trump
1145.jpg,Donald_Trump
1146.jpg,Donald_Trump
1147.jpg,Donald_Trump
1148.jpg,Donald_Trump
1149.jpg,Donald_Trump
1150.jpg,Donald_Trump
1151.jpg,Donald_Trump
1152.jpg,Donald_Trump
1153.jpg,Donald_Trump
1154.jpg,Donald_Trump
1155.jpg,Donald_Trump
1156.jpg,Donald_Trump
1157.jpg,Donald_Trump
1158.jpg,Donald_Trump
1159.jpg,Donald_Trump
1160.jpg,Donald_Trump
1161.jpg,Donald_Trump
1162.jpg,Donald_Trump
1163.jpg,Donald_Trump
1164.jpg,Donald_Trump
1165.jpg,Donald_Trump
1166.jpg,Donald_Trump
1167.jpg,Donald_Trump
1168.jpg,Donald_Trump
1169.jpg,Donald_Trump
1170.jpg,Donald_Trump
1171.jpg,Donald_Trump
1172.jpg,Donald_Trump
1173.jpg,Donald_Trump
1174.jpg,Donald_Trump
1175.jpg,Donald_Trump
1176.jpg,Donald_Trump
1177.jpg,Donald_Trump
1178.jpg,Donald_Trump
1179.jpg,Donald_Trump
1180.jpg,Donald_Trump
1181.jpg,Donald_Trump
1182.jpg,Donald_Trump
1183.jpg,Donald_Trump
1184.jpg,Donald_Trump
1185.jpg,Donald_Trump
1186.jpg,Donald_Trump
1187.jpg,Donald_Trump
1188.jpg,Donald_Trump
1189.jpg,Donald_Trump
1190.jpg,Donald_Trump
1191.jpg,Donald_Trump
1192.jpg,Donald_Trump
1193.jpg,Donald_Trump
1194.jpg,Donald_Trump
1195.jpg,Donald_Trump
1196.jpg,Donald_Trump
1197.jpg,Donald_Trump
1198.jpg,Donald_Trump
1199.jpg,Donald_Trump
1200.jpg,Donald_Trump
1201.jpg,Donald_Trump
1202.jpg,Donald_Trump
1203.jpg,Donald_Trump
1204.jpg,Donald_Trump
1205.jpg,Donald_Trump
1206.jpg,Donald_Trump
1207.jpg,Donald_Trump
1208.jpg,Donald_Trump
1209.jpg,Donald_Trump
1210.jpg,Donald_Trump
1211.jpg,Donald_Trump
1212.jpg,Donald_Trump
1213.jpg,Donald_Trump
1214.jpg,Donald_Trump
1215.jpg,Donald_Trump
1216.jpg,Donald_Trump
1217.jpg,Donald_Trump
1218.jpg,Donald_Trump
1219.jpg,Donald_Trump
1220.jpg,Donald_Trump
1221.jpg,Donald_Trump
1222.jpg,Donald_Trump
1223.jpg,Donald_Trump
1224.jpg,Donald_Trump
1225.jpg,Donald_Trump
1226.jpg,Donald_Trump
1227.jpg,Donald_Trump
1228.jpg,Donald_Trump
1229.jpg,Donald_Trump
1230.jpg,Donald_Trump
1231.jpg,Donald_Trump
1232.jpg,Donald_Trump
1233.jpg,Donald_Trump
1234.jpg,Donald_Trump
1235.jpg,Donald_Trump
1236.jpg,Donald_Trump
1237.jpg,Donald_Trump
1238.jpg,Donald_Trump
1239.jpg,Donald_Trump
1240.jpg,Donald_Trump
1241.jpg,Donald_Trump
1242.jpg,Donald_Trump
1243.jpg,Donald_Trump
1244.jpg,Donald_Trump
1245.jpg,Donald_Trump
1246.jpg,Donald_Trump
1247.jpg,Donald_Trump
1248.jpg,Donald_Trump
1249.jpg,Donald_Trump
1250.jpg,Donald_Trump
1251.jpg,Donald_Trump
1252.jpg,Donald_Trump
1253.jpg,Donald_Trump
1254.jpg,Donald_Trump
1255.jpg,Donald_Trump
1256.jpg,Donald_Trump
1257.jpg,Donald_Trump
1258.jpg,Donald_Trump
1259.jpg,Donald_Trump
1260.jpg,Donald_Trump
1261.jpg,Donald_Trump
1262.jpg,Donald_Trump
1263.jpg,Donald_Trump
1264.jpg,Donald_Trump
1265.jpg,Donald_Trump
1266.jpg,Donald_Trump
1267.jpg,Donald_Trump
1268.jpg,Donald_Trump
1269.jpg,Donald_Trump
1270.jpg,Donald_Trump
1271.jpg,Donald_Trump
1272.jpg,Donald_Trump
1273.jpg,Donald_Trump
1274.jpg,Donald_Trump
1275.jpg,Donald_Trump
1276.jpg,Donald_Trump
1277.jpg,Donald_Trump
1278.jpg,Donald_Trump
1279.jpg,Donald_Trump
1280.jpg,Donald_Trump
1281.jpg,Donald_Trump
1282.jpg,Donald_Trump
1283.jpg,Donald_Trump
1284.jpg,Donald_Trump
1285.jpg,Donald_Trump
1286.jpg,Donald_Trump
1287.jpg,Donald_Trump
1288.jpg,Donald_Trump
1289.jpg,Donald_Trump
1290.jpg,Donald_Trump
1291.jpg,Donald_Trump
1292.jpg,Donald_Trump
1293.jpg,Donald_Trump
1294.jpg,Donald_Trump
1295.jpg,Donald_Trump
1296.jpg,Donald_Trump
1297.jpg,Donald_Trump
1298.jpg,Donald_Trump
1299.jpg,Donald_Trump
1300.jpg,Donald_Trump
1301.jpg,Donald_Trump
1302.jpg,Donald_Trump
1303.jpg,Donald_Trump
1304.jpg,Donald_Trump
1305.jpg,Donald_Trump
1306.jpg,Donald_Trump
1307.jpg,Donald_Trump
1308.jpg,Donald_Trump
1309.jpg,Donald_Trump
1310.jpg,Donald_Trump
1311.jpg,Donald_Trump
1312.jpg,Donald_Trump
1313.jpg,Donald_Trump
1314.jpg,Donald_Trump
1315.jpg,Donald_Trump
1316.jpg,Donald_Trump
1317.jpg,Donald_Trump
1318.jpg,Donald_Trump
1319.jpg,Donald_Trump
1320.jpg,Donald_Trump
1321.jpg,Donald_Trump
1322.jpg,Donald_Trump
1323.jpg,Donald_Trump
1324.jpg,Donald_Trump
1325.jpg,Donald_Trump
1326.jpg,Donald_Trump
1327.jpg,Donald_Trump
1328.jpg,Donald_Trump
1329.jpg,Donald_Trump
1330.jpg,Donald_Trump
1331.jpg,Donald_Trump
1332.jpg,Donald_Trump
1333.jpg,Donald_Trump
1334.jpg,Donald_Trump
1335.jpg,Donald_Trump
1336.jpg,Donald_Trump
1337.jpg,Donald_Trump
1338.jpg,Donald_Trump
1339.jpg,Donald_Trump
1340.jpg,Donald_Trump
1341.jpg,Donald_Trump
1342.jpg,Donald_Trump
1343.jpg,Donald_Trump
1344.jpg,Donald_Trump
1345.jpg,Donald_Trump
1346.jpg,Donald_Trump
1347.jpg,Donald_Trump
1348.jpg,Donald_Trump
1349.jpg,Donald_Trump
1350.jpg,Donald_Trump
1351.jpg,Donald_Trump
1352.jpg,Donald_Trump
1353.jpg,Donald_Trump
1354.jpg,Donald_Trump
1355.jpg,Donald_Trump
1356.jpg,Donald_Trump
1357.jpg,Donald_Trump
1358.jpg,Donald_Trump
1359.jpg,Donald_Trump
1360.jpg,Donald_Trump
1361.jpg,Donald_Trump
1362.jpg,Donald_Trump
1363.jpg,Donald_Trump
1364.jpg,Donald_Trump
1365.jpg,Donald_Trump
1366.jpg,Donald_Trump
1367.jpg,Donald_Trump
1368.jpg,Donald_Trump
1369.jpg,Donald_Trump
1370.jpg,Donald_Trump
1371.jpg,Donald_Trump
1372.jpg,Donald_Trump
1373.jpg,Donald_Trump
1374.jpg,Donald_Trump
1375.jpg,Donald_Trump
1376.jpg,Donald_Trump
1377.jpg,Donald_Trump
1378.jpg,Donald_Trump
1379.jpg,Donald_Trump
1380.jpg,Donald_Trump
1381.jpg,Donald_Trump
1382.jpg,Donald_Trump
1383.jpg,Donald_Trump
1384.jpg,Donald_Trump
1385.jpg,Donald_Trump
1386.jpg,Donald_Trump
1387.jpg,Donald_Trump
1388.jpg,Donald_Trump
1389.jpg,Donald_Trump
1390.jpg,Donald_Trump
1391.jpg,Donald_Trump
1392.jpg,Donald_Trump
1393.jpg,Donald_Trump
1394.jpg,Donald_Trump
1395.jpg,Donald_Trump
1396.jpg,Donald_Trump
1397.jpg,Donald_Trump
1398.jpg,Donald_Trump
1399.jpg,Donald_Trump
1400.jpg,Donald_Trump
1401.jpg,Donald_Trump
1402.jpg,Donald_Trump
1403.jpg,Donald_Trump
1404.jpg,Donald_Trump
1405.jpg,Donald_Trump
1406.jpg,Donald_Trump
1407.jpg,Donald_Trump
1408.jpg,Donald_Trump
1409.jpg,Donald_Trump
1410.jpg,Donald_Trump
1411.jpg,Donald_Trump
1412.jpg,Donald_Trump
1413.jpg,Donald_Trump
1414.jpg,Donald_Trump
1415.jpg,Donald_Trump
1416.jpg,Donald_Trump
1417.jpg,Donald_Trump
1418.jpg,Donald_Trump
1419.jpg,Donald_Trump
1420.jpg,Donald_Trump
1421.jpg,Donald_Trump
1422.jpg,Donald_Trump
1423.jpg,Donald_Trump
1424.jpg,Donald_Trump
1425.jpg,Donald_Trump
1426.jpg,Donald_Trump
1427.jpg,Donald_Trump
1428.jpg,Donald_Trump
1429.jpg,Donald_Trump
1430.jpg,Donald_Trump
1431.jpg,Donald_Trump
1432.jpg,Donald_Trump
1433.jpg,Donald_Trump
1434.jpg,Donald_Trump
1435.jpg,Donald_Trump
1436.jpg,Donald_Trump
1437.jpg,Donald_Trump
1438.jpg,Donald_Trump
1439.jpg,Donald_Trump
1440.jpg,Donald_Trump
1441.jpg,Donald_Trump
1442.jpg,Donald_Trump
1443.jpg,Donald_Trump
1444.jpg,Donald_Trump
1445.jpg,Donald_Trump
1446.jpg,Donald_Trump
1447.jpg,Donald_Trump
1448.jpg,Donald_Trump
1449.jpg,Donald_Trump
1450.jpg,Donald_Trump
1451.jpg,Donald_Trump
1452.jpg,Donald_Trump
1453.jpg,Donald_Trump
1454.jpg,Donald_Trump
1455.jpg,Donald_Trump
1456.jpg,Donald_Trump
1457.jpg,Donald_Trump
1458.jpg,Donald_Trump
1459.jpg,Donald_Trump
1460.jpg,Donald_Trump
1461.jpg,Donald_Trump
1462.jpg,Donald_Trump
1463.jpg,Donald_Trump
1464.jpg,Donald_Trump
1465.jpg,Donald_Trump
1466.jpg,Donald_Trump
1467.jpg,Donald_Trump
1468.jpg,Donald_Trump
1469.jpg,Donald_Trump
1470.jpg,Donald_Trump
1471.jpg,Donald_Trump
1472.jpg,Donald_Trump
1473.jpg,Donald_Trump
1474.jpg,Donald_Trump
1475.jpg,Donald_Trump
1476.jpg,Donald_Trump
1477.jpg,Donald_Trump
1478.jpg,Donald_Trump
1479.jpg,Donald_Trump
1480.jpg,Donald_Trump
1481.jpg,Donald_Trump
1482.jpg,Donald_Trump
1483.jpg,Donald_Trump
1484.jpg,Donald_Trump
1485.jpg,Donald_Trump
1486.jpg,Donald_Trump
1487.jpg,Donald_Trump
1488.jpg,Donald_Trump
1489.jpg,Donald_Trump
1490.jpg,Donald_Trump
1491.jpg,Donald_Trump
1492.jpg,Donald_Trump
1493.jpg,Donald_Trump
1494.jpg,Donald_Trump
1495.jpg,Donald_Trump
1496.jpg,Donald_Trump
1497.jpg,Donald_Trump
1498.jpg,Donald_Trump
1499.jpg,Donald_Trump
1500.jpg,Donald_Trump
1501.jpg,Donald_Trump
1502.jpg,Donald_Trump
1503.jpg,Donald_Trump
1504.jpg,Donald_Trump
1505.jpg,Donald_Trump
1506.jpg,Donald_Trump
1507.jpg,Donald_Trump
1508.jpg,Donald_Trump
1509.jpg,Donald_Trump
1510.jpg,Donald_Trump
1511.jpg,Donald_Trump
1512.jpg,Donald_Trump
1513.jpg,Donald_Trump
1514.jpg,Donald_Trump
1515.jpg,Donald_Trump
1516.jpg,Donald_Trump
1517.jpg,Donald_Trump
1518.jpg,Donald_Trump
1519.jpg,Donald_Trump
1520.jpg,Donald_Trump
1521.jpg,Donald_Trump
1522.jpg,Donald_Trump
1523.jpg,Donald_Trump
1524.jpg,Donald_Trump
1525.jpg,Donald_Trump
1526.jpg,Donald_Trump
1527.jpg,Donald_Trump
1528.jpg,Donald_Trump
1529.jpg,Donald_Trump
1530.jpg,Donald_Trump
1531.jpg,Donald_Trump
1532.jpg,Donald_Trump
1533.jpg,Donald_Trump
1534.jpg,Donald_Trump
1535.jpg,Donald_Trump
1536.jpg,Donald_Trump
1537.jpg,Donald_Trump
1538.jpg,Donald_Trump
1539.jpg,Donald_Trump
1540.jpg,Donald_Trump
1541.jpg,Donald_Trump
1542.jpg,Donald_Trump
1543.jpg,Donald_Trump
1544.jpg,Donald_Trump
1545.jpg,Donald_Trump
1546.jpg,Donald_Trump
1547.jpg,Donald_Trump
1548.jpg,Donald_Trump
1549.jpg,Donald_Trump
1550.jpg,Donald_Trump
1551.jpg,Donald_Trump
1552.jpg,Donald_Trump
1553.jpg,Donald_Trump
1554.jpg,Donald_Trump
1555.jpg,Donald_Trump
1556.jpg,Donald_Trump
1557.jpg,Donald_Trump
1558.jpg,Donald_Trump
1559.jpg,Donald_Trump
1560.jpg,Donald_Trump
1561.jpg,Donald_Trump
1562.jpg,Donald_Trump
1563.jpg,Donald_Trump
1564.jpg,Donald_Trump
1565.jpg,Donald_Trump
1566.jpg,Donald_Trump
1567.jpg,Donald_Trump
1568.jpg,Donald_Trump
1569.jpg,Donald_Trump
1570.jpg,Donald_Trump
1571.jpg,Donald_Trump
1572.jpg,Donald_Trump
1573.jpg,Donald_Trump
1574.jpg,Donald_Trump
1575.jpg,Donald_Trump
1576.jpg,Donald_Trump
1577.jpg,Donald_Trump
1578.jpg,Donald_Trump
1579.jpg,Donald_Trump
1580.jpg,Donald_Trump
1581.jpg,Donald_Trump
1582.jpg,Donald_Trump
1583.jpg,Donald_Trump
1584.jpg,Donald_Trump
1585.jpg,Donald_Trump
1586.jpg,Donald_Trump
1587.jpg,Donald_Trump
1588.jpg,Donald_Trump
1589.jpg,Donald_Trump
1590.jpg,Donald_Trump
1591.jpg,Donald_Trump
1592.jpg,Donald_Trump
1593.jpg,Donald_Trump
1594.jpg,Donald_Trump
1595.jpg,Donald_Trump
1596.jpg,Donald_Trump
1597.jpg,Donald_Trump
1598.jpg,Donald_Trump
1599.jpg,Donald_Trump
1600.jpg,Donald_Trump
1601.jpg,Donald_Trump
1602.jpg,Donald_Trump
1603.jpg,Donald_Trump
1604.jpg,Donald_Trump
1605.jpg,Donald_Trump
1606.jpg,Donald_Trump
1607.jpg,Donald_Trump
1608.jpg,Donald_Trump
1609.jpg,Donald_Trump
1610.jpg,Donald_Trump
1611.jpg,Donald_Trump
1612.jpg,Donald_Trump
1613.jpg,Donald_Trump
1614.jpg,Donald_Trump
1615.jpg,Donald_Trump
1616.jpg,Donald_Trump
1617.jpg,Donald_Trump
1618.jpg,Donald_Trump
1619.jpg,Donald_Trump
1620.jpg,Donald_Trump
1621.jpg,Donald_Trump
1622.jpg,Donald_Trump
1623.jpg,Donald_Trump
1624.jpg,Donald_Trump
1625.jpg,Donald_Trump
1626.jpg,Donald_Trump
1627.jpg,Donald_Trump
1628.jpg,Donald_Trump
1629.jpg,Donald_Trump
1630.jpg,Donald_Trump
1631.jpg,Donald_Trump
1632.jpg,Donald_Trump
1633.jpg,Donald_Trump
1634.jpg,Donald_Trump
1635.jpg,Donald_Trump
1636.jpg,Donald_Trump
1637.jpg,Donald_Trump
1638.jpg,Donald_Trump
1639.jpg,Donald_Trump
1640.jpg,Donald_Trump
1641.jpg,Donald_Trump
1642.jpg,Donald_Trump
1643.jpg,Donald_Trump
1644.jpg,Donald_Trump
1645.jpg,Donald_Trump
1646.jpg,Donald_Trump
1647.jpg,Donald_Trump
1648.jpg,Donald_Trump
1649.jpg,Donald_Trump
1650.jpg,Donald_Trump
1651.jpg,Donald_Trump
1652.jpg,Donald_Trump
1653.jpg,Donald_Trump
1654.jpg,Donald_Trump
1655.jpg,Donald_Trump
1656.jpg,Donald_Trump
1657.jpg,Donald_Trump
1658.jpg,Donald_Trump
1659.jpg,Donald_Trump
1660.jpg,Donald_Trump
1661.jpg,Donald_Trump
1662.jpg,Donald_Trump
1663.jpg,Donald_Trump
1664.jpg,Donald_Trump
1665.jpg,Donald_Trump
1666.jpg,Donald_Trump
1667.jpg,Donald_Trump
1668.jpg,Donald_Trump
1669.jpg,Donald_Trump
1670.jpg,Donald_Trump
1671.jpg,Donald_Trump
1672.jpg,Donald_Trump
1673.jpg,Donald_Trump
1674.jpg,Donald_Trump
1675.jpg,Donald_Trump
1676.jpg,Donald_Trump
1677.jpg,Donald_Trump
1678.jpg,Donald_Trump
1679.jpg,Donald_Trump
1680.jpg,Donald_Trump
1681.jpg,Donald_Trump
1682.jpg,Donald_Trump
1683.jpg,Donald_Trump
1684.jpg,Donald_Trump
1685.jpg,Donald_Trump
1686.jpg,Donald_Trump
1687.jpg,Donald_Trump
1688.jpg,Donald_Trump
1689.jpg,Donald_Trump
1690.jpg,Donald_Trump
1691.jpg,Donald_Trump
1692.jpg,Donald_Trump
1693.jpg,Donald_Trump
1694.jpg,Donald_Trump
1695.jpg,Donald_Trump
1696.jpg,Donald_Trump
1697.jpg,Donald_Trump
1698.jpg,Donald_Trump
1699.jpg,Donald_Trump
1700.jpg,Donald_Trump
1701.jpg,Donald_Trump
1702.jpg,Donald_Trump
1703.jpg,Donald_Trump
1704.jpg,Donald_Trump
1705.jpg,Donald_Trump
1706.jpg,Donald_Trump
1707.jpg,Donald_Trump
1708.jpg,Donald_Trump
1709.jpg,Donald_Trump
1710.jpg,Donald_Trump
1711.jpg,Donald_Trump
1712.jpg,Donald_Trump
1713.jpg,Donald_Trump
1714.jpg,Donald_Trump
1715.jpg,Donald_Trump
1716.jpg,Donald_Trump
1717.jpg,Donald_Trump
1718.jpg,Donald_Trump
1719.jpg,Donald_Trump
1720.jpg,Donald_Trump
1721.jpg,Donald_Trump
1722.jpg,Donald_Trump
1723.jpg,Donald_Trump
1724.jpg,Donald_Trump
1725.jpg,Donald_Trump
1726.jpg,Malcolm_Turnbull
1727.jpg,Malcolm_Turnbull
1728.jpg,Malcolm_Turnbull
1729.jpg,Malcolm_Turnbull
1730.jpg,Malcolm_Turnbull
1731.jpg,Malcolm_Turnbull
1732.jpg,Malcolm_Turnbull
1733.jpg,Malcolm_Turnbull
1734.jpg,Malcolm_Turnbull
1735.jpg,Malcolm_Turnbull
1736.jpg,Malcolm_Turnbull
1737.jpg,Malcolm_Turnbull
1738.jpg,Malcolm_Turnbull
1739.jpg,Malcolm_Turnbull
1740.jpg,Malcolm_Turnbull
1741.jpg,Malcolm_Turnbull
1742.jpg,Malcolm_Turnbull
1743.jpg,Malcolm_Turnbull
1744.jpg,Malcolm_Turnbull
1745.jpg,Malcolm_Turnbull
1746.jpg,Malcolm_Turnbull
1747.jpg,Malcolm_Turnbull
1748.jpg,Malcolm_Turnbull
1749.jpg,Malcolm_Turnbull
1750.jpg,Malcolm_Turnbull
1751.jpg,Malcolm_Turnbull
1752.jpg,Malcolm_Turnbull
1753.jpg,Malcolm_Turnbull
1754.jpg,Malcolm_Turnbull
1755.jpg,Malcolm_Turnbull
1756.jpg,Malcolm_Turnbull
1757.jpg,Malcolm_Turnbull
1758.jpg,Malcolm_Turnbull
1759.jpg,Malcolm_Turnbull
1760.jpg,Malcolm_Turnbull
1761.jpg,Malcolm_Turnbull
1762.jpg,Malcolm_Turnbull
1763.jpg,Malcolm_Turnbull
1764.jpg,Malcolm_Turnbull
1765.jpg,Malcolm_Turnbull
1766.jpg,Malcolm_Turnbull
1767.jpg,Malcolm_Turnbull
1768.jpg,Malcolm_Turnbull
1769.jpg,Malcolm_Turnbull
1770.jpg,Malcolm_Turnbull
1771.jpg,Malcolm_Turnbull
1772.jpg,Malcolm_Turnbull
1773.jpg,Malcolm_Turnbull
1774.jpg,Malcolm_Turnbull
1775.jpg,Malcolm_Turnbull
1776.jpg,Malcolm_Turnbull
1777.jpg,Malcolm_Turnbull
1778.jpg,Malcolm_Turnbull
1779.jpg,Malcolm_Turnbull
1780.jpg,Malcolm_Turnbull
1781.jpg,Malcolm_Turnbull
1782.jpg,Malcolm_Turnbull
1783.jpg,Malcolm_Turnbull
1784.jpg,Malcolm_Turnbull
1785.jpg,Malcolm_Turnbull
1786.jpg,Malcolm_Turnbull
1787.jpg,Malcolm_Turnbull
1788.jpg,Malcolm_Turnbull
1789.jpg,Malcolm_Turnbull
1790.jpg,Malcolm_Turnbull
1791.jpg,Malcolm_Turnbull
1792.jpg,Malcolm_Turnbull
1793.jpg,Malcolm_Turnbull
1794.jpg,Malcolm_Turnbull
1795.jpg,Malcolm_Turnbull
1796.jpg,Malcolm_Turnbull
1797.jpg,Malcolm_Turnbull
1798.jpg,Malcolm_Turnbull
1799.jpg,Malcolm_Turnbull
1800.jpg,Malcolm_Turnbull
1801.jpg,Malcolm_Turnbull
1802.jpg,Malcolm_Turnbull
1803.jpg,Malcolm_Turnbull
1804.jpg,Malcolm_Turnbull
1805.jpg,Malcolm_Turnbull
1806.jpg,Malcolm_Turnbull
1807.jpg,Malcolm_Turnbull
1808.jpg,Malcolm_Turnbull
1809.jpg,Malcolm_Turnbull
1810.jpg,Malcolm_Turnbull
1811.jpg,Malcolm_Turnbull
1812.jpg,Malcolm_Turnbull
1813.jpg,Malcolm_Turnbull
1814.jpg,Malcolm_Turnbull
1815.jpg,Malcolm_Turnbull
1816.jpg,Malcolm_Turnbull
1817.jpg,Malcolm_Turnbull
1818.jpg,Malcolm_Turnbull
1819.jpg,Malcolm_Turnbull
1820.jpg,Malcolm_Turnbull
1821.jpg,Malcolm_Turnbull
1822.jpg,Malcolm_Turnbull
1823.jpg,Malcolm_Turnbull
1824.jpg,Malcolm_Turnbull
1825.jpg,Malcolm_Turnbull
1826.jpg,Malcolm_Turnbull
1827.jpg,Malcolm_Turnbull
1828.jpg,Malcolm_Turnbull
1829.jpg,Malcolm_Turnbull
1830.jpg,Malcolm_Turnbull
1831.jpg,Malcolm_Turnbull
1832.jpg,Malcolm_Turnbull
1833.jpg,Malcolm_Turnbull
1834.jpg,Malcolm_Turnbull
1835.jpg,Malcolm_Turnbull
1836.jpg,Malcolm_Turnbull
1837.jpg,Malcolm_Turnbull
1838.jpg,Malcolm_Turnbull
1839.jpg,Malcolm_Turnbull
1840.jpg,Malcolm_Turnbull
1841.jpg,Malcolm_Turnbull
1842.jpg,Malcolm_Turnbull
1843.jpg,Malcolm_Turnbull
1844.jpg,Malcolm_Turnbull
1845.jpg,Malcolm_Turnbull
1846.jpg,Malcolm_Turnbull
1847.jpg,Malcolm_Turnbull
1848.jpg,Malcolm_Turnbull
1849.jpg,Malcolm_Turnbull
1850.jpg,Malcolm_Turnbull
1851.jpg,Malcolm_Turnbull
1852.jpg,Malcolm_Turnbull
1853.jpg,Malcolm_Turnbull
1854.jpg,Malcolm_Turnbull
1855.jpg,Malcolm_Turnbull
1856.jpg,Malcolm_Turnbull
1857.jpg,Malcolm_Turnbull
1858.jpg,Malcolm_Turnbull
1859.jpg,Malcolm_Turnbull
1860.jpg,Malcolm_Turnbull
1861.jpg,Malcolm_Turnbull
1862.jpg,Malcolm_Turnbull
1863.jpg,Malcolm_Turnbull
1864.jpg,Malcolm_Turnbull
1865.jpg,Malcolm_Turnbull
1866.jpg,Malcolm_Turnbull
1867.jpg,Malcolm_Turnbull
1868.jpg,Malcolm_Turnbull
1869.jpg,Malcolm_Turnbull
1870.jpg,Malcolm_Turnbull
1871.jpg,Malcolm_Turnbull
1872.jpg,Malcolm_Turnbull
1873.jpg,Malcolm_Turnbull
1874.jpg,Malcolm_Turnbull
1875.jpg,Malcolm_Turnbull
1876.jpg,Malcolm_Turnbull
1877.jpg,Malcolm_Turnbull
1878.jpg,Malcolm_Turnbull
1879.jpg,Malcolm_Turnbull
1880.jpg,Malcolm_Turnbull
1881.jpg,Malcolm_Turnbull
1882.jpg,Malcolm_Turnbull
1883.jpg,Malcolm_Turnbull
1884.jpg,Malcolm_Turnbull
1885.jpg,Malcolm_Turnbull
1886.jpg,Malcolm_Turnbull
1887.jpg,Malcolm_Turnbull
1888.jpg,Malcolm_Turnbull
1889.jpg,Malcolm_Turnbull
1890.jpg,Malcolm_Turnbull
1891.jpg,Malcolm_Turnbull
1892.jpg,Malcolm_Turnbull
1893.jpg,Malcolm_Turnbull
1894.jpg,Malcolm_Turnbull
1895.jpg,Malcolm_Turnbull
1896.jpg,Malcolm_Turnbull
1897.jpg,Malcolm_Turnbull
1898.jpg,Malcolm_Turnbull
1899.jpg,Malcolm_Turnbull
1900.jpg,Malcolm_Turnbull
1901.jpg,Malcolm_Turnbull
1902.jpg,Malcolm_Turnbull
1903.jpg,Malcolm_Turnbull
1904.jpg,Malcolm_Turnbull
1905.jpg,Malcolm_Turnbull
1906.jpg,Malcolm_Turnbull
1907.jpg,Malcolm_Turnbull
1908.jpg,Malcolm_Turnbull
1909.jpg,Malcolm_Turnbull
1910.jpg,Malcolm_Turnbull
1911.jpg,Malcolm_Turnbull
1912.jpg,Malcolm_Turnbull
1913.jpg,Malcolm_Turnbull
1914.jpg,Malcolm_Turnbull
1915.jpg,Malcolm_Turnbull
1916.jpg,Malcolm_Turnbull
1917.jpg,Malcolm_Turnbull
1918.jpg,Malcolm_Turnbull
1919.jpg,Malcolm_Turnbull
1920.jpg,Malcolm_Turnbull
1921.jpg,Malcolm_Turnbull
1922.jpg,Malcolm_Turnbull
1923.jpg,Malcolm_Turnbull
1924.jpg,Malcolm_Turnbull
1925.jpg,Malcolm_Turnbull
1926.jpg,Malcolm_Turnbull
1927.jpg,Malcolm_Turnbull
1928.jpg,Malcolm_Turnbull
1929.jpg,Malcolm_Turnbull
1930.jpg,Malcolm_Turnbull
1931.jpg,Malcolm_Turnbull
1932.jpg,Malcolm_Turnbull
1933.jpg,Malcolm_Turnbull
1934.jpg,Malcolm_Turnbull
1935.jpg,Malcolm_Turnbull
1936.jpg,Malcolm_Turnbull
1937.jpg,Malcolm_Turnbull
1938.jpg,Malcolm_Turnbull
1939.jpg,Malcolm_Turnbull
1940.jpg,Malcolm_Turnbull
1941.jpg,Malcolm_Turnbull
1942.jpg,Malcolm_Turnbull
1943.jpg,Malcolm_Turnbull
1944.jpg,Malcolm_Turnbull
1945.jpg,Malcolm_Turnbull
1946.jpg,Malcolm_Turnbull
1947.jpg,Malcolm_Turnbull
1948.jpg,Malcolm_Turnbull
1949.jpg,Malcolm_Turnbull
1950.jpg,Malcolm_Turnbull
1951.jpg,Malcolm_Turnbull
1952.jpg,Malcolm_Turnbull
1953.jpg,Malcolm_Turnbull
1954.jpg,Malcolm_Turnbull
1955.jpg,Malcolm_Turnbull
1956.jpg,Malcolm_Turnbull
1957.jpg,Malcolm_Turnbull
1958.jpg,Malcolm_Turnbull
1959.jpg,Malcolm_Turnbull
1960.jpg,Malcolm_Turnbull
1961.jpg,Malcolm_Turnbull
1962.jpg,Malcolm_Turnbull
1963.jpg,Malcolm_Turnbull
1964.jpg,Malcolm_Turnbull
1965.jpg,Malcolm_Turnbull
1966.jpg,Malcolm_Turnbull
1967.jpg,Malcolm_Turnbull
1968.jpg,Malcolm_Turnbull
1969.jpg,Malcolm_Turnbull
1970.jpg,Malcolm_Turnbull
1971.jpg,Malcolm_Turnbull
1972.jpg,Malcolm_Turnbull
1973.jpg,Malcolm_Turnbull
1974.jpg,Malcolm_Turnbull
1975.jpg,Malcolm_Turnbull
1976.jpg,Malcolm_Turnbull
1977.jpg,Malcolm_Turnbull
1978.jpg,Malcolm_Turnbull
1979.jpg,Malcolm_Turnbull
1980.jpg,Malcolm_Turnbull
1981.jpg,Malcolm_Turnbull
1982.jpg,Malcolm_Turnbull
1983.jpg,Malcolm_Turnbull
1984.jpg,Malcolm_Turnbull
1985.jpg,Malcolm_Turnbull
1986.jpg,Malcolm_Turnbull
1987.jpg,Malcolm_Turnbull
1988.jpg,Malcolm_Turnbull
1989.jpg,Malcolm_Turnbull
1990.jpg,Malcolm_Turnbull
1991.jpg,Malcolm_Turnbull
1992.jpg,Malcolm_Turnbull
1993.jpg,Malcolm_Turnbull
1994.jpg,Malcolm_Turnbull
1995.jpg,Malcolm_Turnbull
1996.jpg,Malcolm_Turnbull
1997.jpg,Malcolm_Turnbull
1998.jpg,Malcolm_Turnbull
1999.jpg,Malcolm_Turnbull
2000.jpg,Malcolm_Turnbull
2001.jpg,Malcolm_Turnbull
2002.jpg,Malcolm_Turnbull
2003.jpg,Malcolm_Turnbull
2004.jpg,Malcolm_Turnbull
2005.jpg,Malcolm_Turnbull
2006.jpg,Malcolm_Turnbull
2007.jpg,Malcolm_Turnbull
2008.jpg,Malcolm_Turnbull
2009.jpg,Malcolm_Turnbull
2010.jpg,Malcolm_Turnbull
2011.jpg,Malcolm_Turnbull
2012.jpg,Malcolm_Turnbull
2013.jpg,Malcolm_Turnbull
2014.jpg,Malcolm_Turnbull
2015.jpg,Malcolm_Turnbull
2016.jpg,Malcolm_Turnbull
2017.jpg,Malcolm_Turnbull
2018.jpg,Malcolm_Turnbull
2019.jpg,Malcolm_Turnbull
2020.jpg,Malcolm_Turnbull
2021.jpg,Malcolm_Turnbull
2022.jpg,Malcolm_Turnbull
2023.jpg,Malcolm_Turnbull
2024.jpg,Malcolm_Turnbull
2025.jpg,Malcolm_Turnbull
2026.jpg,Malcolm_Turnbull
2027.jpg,Malcolm_Turnbull
2028.jpg,Malcolm_Turnbull
2029.jpg,Malcolm_Turnbull
2030.jpg,Malcolm_Turnbull
2031.jpg,Malcolm_Turnbull
2032.jpg,Malcolm_Turnbull
2033.jpg,Malcolm_Turnbull
2034.jpg,Malcolm_Turnbull
2035.jpg,Malcolm_Turnbull
2036.jpg,Malcolm_Turnbull
2037.jpg,Malcolm_Turnbull
2038.jpg,Malcolm_Turnbull
2039.jpg,Malcolm_Turnbull
2040.jpg,Malcolm_Turnbull
2041.jpg,Malcolm_Turnbull
2042.jpg,Malcolm_Turnbull
2043.jpg,Malcolm_Turnbull
2044.jpg,Malcolm_Turnbull
2045.jpg,Malcolm_Turnbull
2046.jpg,Malcolm_Turnbull
2047.jpg,Malcolm_Turnbull
2048.jpg,Malcolm_Turnbull
2049.jpg,Malcolm_Turnbull
2050.jpg,Malcolm_Turnbull
2051.jpg,Malcolm_Turnbull
2052.jpg,Malcolm_Turnbull
2053.jpg,Malcolm_Turnbull
2054.jpg,Malcolm_Turnbull
2055.jpg,Malcolm_Turnbull
2056.jpg,Malcolm_Turnbull
2057.jpg,Malcolm_Turnbull
2058.jpg,Malcolm_Turnbull
2059.jpg,Malcolm_Turnbull
2060.jpg,Malcolm_Turnbull
2061.jpg,Malcolm_Turnbull
2062.jpg,Malcolm_Turnbull
2063.jpg,Malcolm_Turnbull
2064.jpg,Malcolm_Turnbull
2065.jpg,Malcolm_Turnbull
2066.jpg,Malcolm_Turnbull
2067.jpg,Malcolm_Turnbull
2068.jpg,Malcolm_Turnbull
2069.jpg,Malcolm_Turnbull
2070.jpg,Malcolm_Turnbull
2071.jpg,Malcolm_Turnbull
2072.jpg,Malcolm_Turnbull
2073.jpg,Malcolm_Turnbull
2074.jpg,Malcolm_Turnbull
2075.jpg,Malcolm_Turnbull
2076.jpg,Malcolm_Turnbull
2077.jpg,Malcolm_Turnbull
2078.jpg,Malcolm_Turnbull
2079.jpg,Malcolm_Turnbull
2080.jpg,Malcolm_Turnbull
2081.jpg,Malcolm_Turnbull
2082.jpg,Malcolm_Turnbull
2083.jpg,Malcolm_Turnbull
2084.jpg,Malcolm_Turnbull
2085.jpg,Malcolm_Turnbull
2086.jpg,Malcolm_Turnbull
2087.jpg,Malcolm_Turnbull
2088.jpg,Malcolm_Turnbull
2089.jpg,Malcolm_Turnbull
2090.jpg,Malcolm_Turnbull
2091.jpg,Malcolm_Turnbull
2092.jpg,Malcolm_Turnbull
2093.jpg,Malcolm_Turnbull
2094.jpg,Malcolm_Turnbull
2095.jpg,Malcolm_Turnbull
2096.jpg,Malcolm_Turnbull
2097.jpg,Malcolm_Turnbull
2098.jpg,Malcolm_Turnbull
2099.jpg,Malcolm_Turnbull
2100.jpg,Malcolm_Turnbull
2101.jpg,Malcolm_Turnbull
2102.jpg,Malcolm_Turnbull
2103.jpg,Malcolm_Turnbull
2104.jpg,Malcolm_Turnbull
2105.jpg,Malcolm_Turnbull
2106.jpg,Malcolm_Turnbull
2107.jpg,Malcolm_Turnbull
2108.jpg,Malcolm_Turnbull
2109.jpg,Malcolm_Turnbull
2110.jpg,Malcolm_Turnbull
2111.jpg,Malcolm_Turnbull
2112.jpg,Malcolm_Turnbull
2113.jpg,Malcolm_Turnbull
2114.jpg,Malcolm_Turnbull
2115.jpg,Malcolm_Turnbull
2116.jpg,Malcolm_Turnbull
2117.jpg,Malcolm_Turnbull
2118.jpg,Malcolm_Turnbull
2119.jpg,Malcolm_Turnbull
2120.jpg,Malcolm_Turnbull
2121.jpg,Malcolm_Turnbull
2122.jpg,Malcolm_Turnbull
2123.jpg,Malcolm_Turnbull
2124.jpg,Malcolm_Turnbull
2125.jpg,Malcolm_Turnbull
2126.jpg,Malcolm_Turnbull
2127.jpg,Malcolm_Turnbull
2128.jpg,Malcolm_Turnbull
2129.jpg,Malcolm_Turnbull
2130.jpg,Malcolm_Turnbull
2131.jpg,Malcolm_Turnbull
2132.jpg,Malcolm_Turnbull
2133.jpg,Malcolm_Turnbull
2134.jpg,Malcolm_Turnbull
2135.jpg,Malcolm_Turnbull
2136.jpg,Malcolm_Turnbull
2137.jpg,Malcolm_Turnbull
2138.jpg,Malcolm_Turnbull
2139.jpg,Malcolm_Turnbull
2140.jpg,Malcolm_Turnbull
2141.jpg,Malcolm_Turnbull
2142.jpg,Malcolm_Turnbull
2143.jpg,Malcolm_Turnbull
2144.jpg,Malcolm_Turnbull
2145.jpg,Malcolm_Turnbull
2146.jpg,Malcolm_Turnbull
2147.jpg,Malcolm_Turnbull
2148.jpg,Malcolm_Turnbull
2149.jpg,Malcolm_Turnbull
2150.jpg,Malcolm_Turnbull
2151.jpg,Malcolm_Turnbull
2152.jpg,Malcolm_Turnbull
2153.jpg,Malcolm_Turnbull
2154.jpg,Malcolm_Turnbull
2155.jpg,Malcolm_Turnbull
2156.jpg,Malcolm_Turnbull
2157.jpg,Malcolm_Turnbull
2158.jpg,Malcolm_Turnbull
2159.jpg,Malcolm_Turnbull
2160.jpg,Malcolm_Turnbull
2161.jpg,Malcolm_Turnbull
2162.jpg,Malcolm_Turnbull
2163.jpg,Malcolm_Turnbull
2164.jpg,Malcolm_Turnbull
2165.jpg,Malcolm_Turnbull
2166.jpg,Malcolm_Turnbull
2167.jpg,Malcolm_Turnbull
2168.jpg,Malcolm_Turnbull
2169.jpg,Malcolm_Turnbull
2170.jpg,Malcolm_Turnbull
2171.jpg,Malcolm_Turnbull
2172.jpg,Malcolm_Turnbull
2173.jpg,Malcolm_Turnbull
2174.jpg,Malcolm_Turnbull
2175.jpg,Malcolm_Turnbull
2176.jpg,Malcolm_Turnbull
2177.jpg,Malcolm_Turnbull
2178.jpg,Malcolm_Turnbull
2179.jpg,Malcolm_Turnbull
2180.jpg,Malcolm_Turnbull
2181.jpg,Malcolm_Turnbull
2182.jpg,Malcolm_Turnbull
2183.jpg,Malcolm_Turnbull
2184.jpg,Malcolm_Turnbull
2185.jpg,Malcolm_Turnbull
2186.jpg,Malcolm_Turnbull
2187.jpg,Malcolm_Turnbull
2188.jpg,Malcolm_Turnbull
2189.jpg,Malcolm_Turnbull
2190.jpg,Malcolm_Turnbull
2191.jpg,Malcolm_Turnbull
2192.jpg,Malcolm_Turnbull
2193.jpg,Malcolm_Turnbull
2194.jpg,Malcolm_Turnbull
2195.jpg,Malcolm_Turnbull
2196.jpg,Malcolm_Turnbull
2197.jpg,Malcolm_Turnbull
2198.jpg,Malcolm_Turnbull
2199.jpg,Malcolm_Turnbull
2200.jpg,Malcolm_Turnbull
2201.jpg,Malcolm_Turnbull
2202.jpg,Malcolm_Turnbull
2203.jpg,Malcolm_Turnbull
2204.jpg,Malcolm_Turnbull
2205.jpg,Malcolm_Turnbull
2206.jpg,Malcolm_Turnbull
2207.jpg,Malcolm_Turnbull
2208.jpg,Malcolm_Turnbull
2209.jpg,Malcolm_Turnbull
2210.jpg,Malcolm_Turnbull
2211.jpg,Malcolm_Turnbull
2212.jpg,Malcolm_Turnbull
2213.jpg,Malcolm_Turnbull
2214.jpg,Malcolm_Turnbull
2215.jpg,Malcolm_Turnbull
2216.jpg,Malcolm_Turnbull
2217.jpg,Malcolm_Turnbull
2218.jpg,Malcolm_Turnbull
2219.jpg,Malcolm_Turnbull
2220.jpg,Malcolm_Turnbull
2221.jpg,Malcolm_Turnbull
2222.jpg,Malcolm_Turnbull
2223.jpg,Malcolm_Turnbull
2224.jpg,Malcolm_Turnbull
2225.jpg,Malcolm_Turnbull
2226.jpg,Malcolm_Turnbull
2227.jpg,Malcolm_Turnbull
2228.jpg,Malcolm_Turnbull
2229.jpg,Malcolm_Turnbull
2230.jpg,Malcolm_Turnbull
2231.jpg,Malcolm_Turnbull
2232.jpg,Malcolm_Turnbull
2233.jpg,Malcolm_Turnbull
2234.jpg,Malcolm_Turnbull
2235.jpg,Malcolm_Turnbull
2236.jpg,Malcolm_Turnbull
2237.jpg,Malcolm_Turnbull
2238.jpg,Malcolm_Turnbull
2239.jpg,Malcolm_Turnbull
2240.jpg,Malcolm_Turnbull
2241.jpg,Malcolm_Turnbull
2242.jpg,Malcolm_Turnbull
2243.jpg,Malcolm_Turnbull
2244.jpg,Malcolm_Turnbull
2245.jpg,Malcolm_Turnbull
2246.jpg,Malcolm_Turnbull
2247.jpg,Malcolm_Turnbull
2248.jpg,Malcolm_Turnbull
2249.jpg,Malcolm_Turnbull
2250.jpg,Malcolm_Turnbull
2251.jpg,Malcolm_Turnbull
2252.jpg,Malcolm_Turnbull
2253.jpg,Malcolm_Turnbull
2254.jpg,Malcolm_Turnbull
2255.jpg,Malcolm_Turnbull
2256.jpg,Malcolm_Turnbull
2257.jpg,Malcolm_Turnbull
2258.jpg,Malcolm_Turnbull
2259.jpg,Malcolm_Turnbull
2260.jpg,Malcolm_Turnbull
2261.jpg,Malcolm_Turnbull
2262.jpg,Malcolm_Turnbull
2263.jpg,Malcolm_Turnbull
2264.jpg,Malcolm_Turnbull
2265.jpg,Malcolm_Turnbull
2266.jpg,Malcolm_Turnbull
2267.jpg,Malcolm_Turnbull
2268.jpg,Malcolm_Turnbull
2269.jpg,Malcolm_Turnbull
2270.jpg,Malcolm_Turnbull
2271.jpg,Malcolm_Turnbull
2272.jpg,Malcolm_Turnbull
2273.jpg,Malcolm_Turnbull
2274.jpg,Malcolm_Turnbull
2275.jpg,Malcolm_Turnbull
2276.jpg,Malcolm_Turnbull
2277.jpg,Malcolm_Turnbull
2278.jpg,Malcolm_Turnbull
2279.jpg,Malcolm_Turnbull
2280.jpg,Malcolm_Turnbull
2281.jpg,Malcolm_Turnbull
2282.jpg,Malcolm_Turnbull
2283.jpg,Malcolm_Turnbull
2284.jpg,Malcolm_Turnbull
2285.jpg,Malcolm_Turnbull
2286.jpg,Malcolm_Turnbull
2287.jpg,Malcolm_Turnbull
2288.jpg,Malcolm_Turnbull
2289.jpg,Malcolm_Turnbull
2290.jpg,Malcolm_Turnbull
2291.jpg,Malcolm_Turnbull
2292.jpg,Malcolm_Turnbull
2293.jpg,Malcolm_Turnbull
2294.jpg,Malcolm_Turnbull
2295.jpg,Malcolm_Turnbull
2296.jpg,Malcolm_Turnbull
2297.jpg,Malcolm_Turnbull
2298.jpg,Malcolm_Turnbull
2299.jpg,Malcolm_Turnbull
2300.jpg,Malcolm_Turnbull
2301.jpg,Malcolm_Turnbull
2302.jpg,Malcolm_Turnbull
2303.jpg,Malcolm_Turnbull
2304.jpg,Malcolm_Turnbull
2305.jpg,Malcolm_Turnbull
2306.jpg,Malcolm_Turnbull
2307.jpg,Malcolm_Turnbull
2308.jpg,Malcolm_Turnbull
2309.jpg,Malcolm_Turnbull
2310.jpg,Malcolm_Turnbull
2311.jpg,Malcolm_Turnbull
2312.jpg,Malcolm_Turnbull
2313.jpg,Malcolm_Turnbull
2314.jpg,Malcolm_Turnbull
2315.jpg,Malcolm_Turnbull
2316.jpg,Malcolm_Turnbull
2317.jpg,Malcolm_Turnbull
2318.jpg,Malcolm_Turnbull
2319.jpg,Malcolm_Turnbull
2320.jpg,Malcolm_Turnbull
2321.jpg,Malcolm_Turnbull
2322.jpg,Malcolm_Turnbull
2323.jpg,Malcolm_Turnbull
2324.jpg,Malcolm_Turnbull
2325.jpg,Malcolm_Turnbull
2326.jpg,Malcolm_Turnbull
2327.jpg,Malcolm_Turnbull
2328.jpg,Malcolm_Turnbull
2329.jpg,Malcolm_Turnbull
2330.jpg,Theresa_May
2331.jpg,Theresa_May
2332.jpg,Theresa_May
2333.jpg,Theresa_May
2334.jpg,Theresa_May
2335.jpg,Theresa_May
2336.jpg,Theresa_May
2337.jpg,Theresa_May
2338.jpg,Theresa_May
2339.jpg,Theresa_May
2340.jpg,Theresa_May
2341.jpg,Theresa_May
2342.jpg,Theresa_May
2343.jpg,Theresa_May
2344.jpg,Theresa_May
2345.jpg,Theresa_May
2346.jpg,Theresa_May
2347.jpg,Theresa_May
2348.jpg,Theresa_May
2349.jpg,Theresa_May
2350.jpg,Theresa_May
2351.jpg,Theresa_May
2352.jpg,Theresa_May
2353.jpg,Theresa_May
2354.jpg,Theresa_May
2355.jpg,Theresa_May
2356.jpg,Theresa_May
2357.jpg,Theresa_May
2358.jpg,Theresa_May
2359.jpg,Theresa_May
2360.jpg,Theresa_May
2361.jpg,Theresa_May
2362.jpg,Theresa_May
2363.jpg,Theresa_May
2364.jpg,Theresa_May
2365.jpg,Theresa_May
2366.jpg,Theresa_May
2367.jpg,Theresa_May
2368.jpg,Theresa_May
2369.jpg,Theresa_May
2370.jpg,Theresa_May
2371.jpg,Theresa_May
2372.jpg,Theresa_May
2373.jpg,Theresa_May
2374.jpg,Theresa_May
2375.jpg,Theresa_May
2376.jpg,Theresa_May
2377.jpg,Theresa_May
2378.jpg,Theresa_May
2379.jpg,Theresa_May
2380.jpg,Theresa_May
2381.jpg,Theresa_May
2382.jpg,Theresa_May
2383.jpg,Theresa_May
2384.jpg,Theresa_May
2385.jpg,Theresa_May
2386.jpg,Theresa_May
2387.jpg,Theresa_May
2388.jpg,Theresa_May
2389.jpg,Theresa_May
2390.jpg,Theresa_May
2391.jpg,Theresa_May
2392.jpg,Theresa_May
2393.jpg,Theresa_May
2394.jpg,Theresa_May
2395.jpg,Theresa_May
2396.jpg,Theresa_May
2397.jpg,Theresa_May
2398.jpg,Theresa_May
2399.jpg,Theresa_May
2400.jpg,Theresa_May
2401.jpg,Theresa_May
2402.jpg,Theresa_May
2403.jpg,Theresa_May
2404.jpg,Theresa_May
2405.jpg,Theresa_May
2406.jpg,Theresa_May
2407.jpg,Theresa_May
2408.jpg,Theresa_May
2409.jpg,Theresa_May
2410.jpg,Theresa_May
2411.jpg,Theresa_May
2412.jpg,Theresa_May
2413.jpg,Theresa_May
2414.jpg,Theresa_May
2415.jpg,Theresa_May
2416.jpg,Theresa_May
2417.jpg,Theresa_May
2418.jpg,Theresa_May
2419.jpg,Theresa_May
2420.jpg,Theresa_May
2421.jpg,Theresa_May
2422.jpg,Theresa_May
2423.jpg,Theresa_May
2424.jpg,Theresa_May
2425.jpg,Theresa_May
2426.jpg,Theresa_May
2427.jpg,Theresa_May
2428.jpg,Theresa_May
2429.jpg,Theresa_May
2430.jpg,Theresa_May
2431.jpg,Theresa_May
2432.jpg,Theresa_May
2433.jpg,Theresa_May
2434.jpg,Theresa_May
2435.jpg,Theresa_May
2436.jpg,Theresa_May
2437.jpg,Theresa_May
2438.jpg,Theresa_May
2439.jpg,Theresa_May
2440.jpg,Theresa_May
2441.jpg,Theresa_May
2442.jpg,Theresa_May
2443.jpg,Theresa_May
2444.jpg,Theresa_May
2445.jpg,Theresa_May
2446.jpg,Theresa_May
2447.jpg,Theresa_May
2448.jpg,Theresa_May
2449.jpg,Theresa_May
2450.jpg,Theresa_May
2451.jpg,Theresa_May
2452.jpg,Theresa_May
2453.jpg,Theresa_May
2454.jpg,Theresa_May
2455.jpg,Theresa_May
2456.jpg,Theresa_May
2457.jpg,Theresa_May
2458.jpg,Theresa_May
2459.jpg,Theresa_May
2460.jpg,Theresa_May
2461.jpg,Theresa_May
2462.jpg,Theresa_May
2463.jpg,Theresa_May
2464.jpg,Theresa_May
2465.jpg,Theresa_May
2466.jpg,Theresa_May
2467.jpg,Theresa_May
2468.jpg,Theresa_May
2469.jpg,Theresa_May
2470.jpg,Theresa_May
2471.jpg,Theresa_May
2472.jpg,Theresa_May
2473.jpg,Theresa_May
2474.jpg,Theresa_May
2475.jpg,Theresa_May
2476.jpg,Theresa_May
2477.jpg,Theresa_May
2478.jpg,Theresa_May
2479.jpg,Theresa_May
2480.jpg,Theresa_May
2481.jpg,Theresa_May
2482.jpg,Theresa_May
2483.jpg,Theresa_May
2484.jpg,Theresa_May
2485.jpg,Theresa_May
2486.jpg,Theresa_May
2487.jpg,Theresa_May
2488.jpg,Theresa_May
2489.jpg,Theresa_May
2490.jpg,Theresa_May
2491.jpg,Theresa_May
2492.jpg,Theresa_May
2493.jpg,Theresa_May
2494.jpg,Theresa_May
2495.jpg,Theresa_May
2496.jpg,Theresa_May
2497.jpg,Theresa_May
2498.jpg,Theresa_May
2499.jpg,Theresa_May
2500.jpg,Theresa_May
2501.jpg,Theresa_May
2502.jpg,Theresa_May
2503.jpg,Theresa_May
2504.jpg,Theresa_May
2505.jpg,Theresa_May
2506.jpg,Theresa_May
2507.jpg,Theresa_May
2508.jpg,Theresa_May
2509.jpg,Theresa_May
2510.jpg,Theresa_May
2511.jpg,Theresa_May
2512.jpg,Theresa_May
2513.jpg,Theresa_May
2514.jpg,Theresa_May
2515.jpg,Theresa_May
2516.jpg,Theresa_May
2517.jpg,Theresa_May
2518.jpg,Theresa_May
2519.jpg,Theresa_May
2520.jpg,Theresa_May
2521.jpg,Theresa_May
2522.jpg,Theresa_May
2523.jpg,Theresa_May
2524.jpg,Theresa_May
2525.jpg,Theresa_May
2526.jpg,Theresa_May
2527.jpg,Theresa_May
2528.jpg,Theresa_May
2529.jpg,Theresa_May
2530.jpg,Theresa_May
2531.jpg,Theresa_May
2532.jpg,Theresa_May
2533.jpg,Theresa_May
2534.jpg,Theresa_May
2535.jpg,Theresa_May
2536.jpg,Theresa_May
2537.jpg,Theresa_May
2538.jpg,Theresa_May
2539.jpg,Theresa_May
2540.jpg,Theresa_May
2541.jpg,Theresa_May
2542.jpg,Theresa_May
2543.jpg,Theresa_May
2544.jpg,Theresa_May
2545.jpg,Theresa_May
2546.jpg,Theresa_May
2547.jpg,Theresa_May
2548.jpg,Theresa_May
2549.jpg,Theresa_May
2550.jpg,Theresa_May
2551.jpg,Theresa_May
2552.jpg,Theresa_May
2553.jpg,Theresa_May
2554.jpg,Theresa_May
2555.jpg,Theresa_May
2556.jpg,Theresa_May
2557.jpg,Theresa_May
2558.jpg,Theresa_May
2559.jpg,Theresa_May
2560.jpg,Theresa_May
2561.jpg,Theresa_May
2562.jpg,Theresa_May
2563.jpg,Theresa_May
2564.jpg,Theresa_May
2565.jpg,Theresa_May
2566.jpg,Theresa_May
2567.jpg,Theresa_May
2568.jpg,Theresa_May
2569.jpg,Theresa_May
2570.jpg,Theresa_May
2571.jpg,Theresa_May
2572.jpg,Theresa_May
2573.jpg,Theresa_May
2574.jpg,Theresa_May
2575.jpg,Theresa_May
2576.jpg,Theresa_May
2577.jpg,Theresa_May
2578.jpg,Theresa_May
2579.jpg,Theresa_May
2580.jpg,Theresa_May
2581.jpg,Theresa_May
2582.jpg,Theresa_May
2583.jpg,Theresa_May
2584.jpg,Theresa_May
2585.jpg,Theresa_May
2586.jpg,Theresa_May
2587.jpg,Theresa_May
2588.jpg,Theresa_May
2589.jpg,Theresa_May
2590.jpg,Theresa_May
2591.jpg,Theresa_May
2592.jpg,Theresa_May
2593.jpg,Theresa_May
2594.jpg,Theresa_May
2595.jpg,Theresa_May
2596.jpg,Theresa_May
2597.jpg,Theresa_May
2598.jpg,Theresa_May
2599.jpg,Theresa_May
2600.jpg,Theresa_May
2601.jpg,Theresa_May
2602.jpg,Theresa_May
2603.jpg,Theresa_May
2604.jpg,Theresa_May
2605.jpg,Theresa_May
2606.jpg,Theresa_May
2607.jpg,Theresa_May
2608.jpg,Theresa_May
2609.jpg,Theresa_May
2610.jpg,Theresa_May
2611.jpg,Theresa_May
2612.jpg,Theresa_May
2613.jpg,Theresa_May
2614.jpg,Theresa_May
2615.jpg,Theresa_May
2616.jpg,Theresa_May
2617.jpg,Theresa_May
2618.jpg,Theresa_May
2619.jpg,Theresa_May
2620.jpg,Theresa_May
2621.jpg,Theresa_May
2622.jpg,Theresa_May
2623.jpg,Theresa_May
2624.jpg,Theresa_May
2625.jpg,Theresa_May
2626.jpg,Theresa_May
2627.jpg,Theresa_May
2628.jpg,Theresa_May
2629.jpg,Theresa_May
2630.jpg,Theresa_May
2631.jpg,Theresa_May
2632.jpg,Theresa_May
2633.jpg,Theresa_May
2634.jpg,Theresa_May
2635.jpg,Theresa_May
2636.jpg,Theresa_May
2637.jpg,Theresa_May
2638.jpg,Theresa_May
2639.jpg,Theresa_May
2640.jpg,Theresa_May
2641.jpg,Theresa_May
2642.jpg,Theresa_May
2643.jpg,Theresa_May
2644.jpg,Theresa_May
2645.jpg,Theresa_May
2646.jpg,Theresa_May
2647.jpg,Theresa_May
2648.jpg,Theresa_May
2649.jpg,Theresa_May
2650.jpg,Theresa_May
2651.jpg,Theresa_May
2652.jpg,Theresa_May
2653.jpg,Theresa_May
2654.jpg,Theresa_May
2655.jpg,Theresa_May
2656.jpg,Theresa_May
2657.jpg,Theresa_May
2658.jpg,Theresa_May
2659.jpg,Theresa_May
2660.jpg,Theresa_May
2661.jpg,Theresa_May
2662.jpg,Theresa_May
2663.jpg,Theresa_May
2664.jpg,Theresa_May
2665.jpg,Theresa_May
2666.jpg,Theresa_May
2667.jpg,Theresa_May
2668.jpg,Theresa_May
2669.jpg,Theresa_May
2670.jpg,Theresa_May
2671.jpg,Theresa_May
2672.jpg,Theresa_May
2673.jpg,Theresa_May
2674.jpg,Theresa_May
2675.jpg,Theresa_May
2676.jpg,Theresa_May
2677.jpg,Theresa_May
2678.jpg,Theresa_May
2679.jpg,Theresa_May
2680.jpg,Theresa_May
2681.jpg,Theresa_May
2682.jpg,Theresa_May
2683.jpg,Theresa_May
2684.jpg,Theresa_May
2685.jpg,Theresa_May
2686.jpg,Theresa_May
2687.jpg,Theresa_May
2688.jpg,Theresa_May
2689.jpg,Theresa_May
2690.jpg,Theresa_May
2691.jpg,Theresa_May
2692.jpg,Theresa_May
2693.jpg,Theresa_May
2694.jpg,Theresa_May
2695.jpg,Theresa_May
2696.jpg,Theresa_May
2697.jpg,Theresa_May
2698.jpg,Theresa_May
2699.jpg,Theresa_May
2700.jpg,Theresa_May
2701.jpg,Theresa_May
2702.jpg,Theresa_May
2703.jpg,Theresa_May
2704.jpg,Theresa_May
2705.jpg,Theresa_May
2706.jpg,Theresa_May
2707.jpg,Theresa_May
2708.jpg,Theresa_May
2709.jpg,Theresa_May
2710.jpg,Theresa_May
2711.jpg,Theresa_May
2712.jpg,Theresa_May
2713.jpg,Theresa_May
2714.jpg,Theresa_May
2715.jpg,Theresa_May
2716.jpg,Theresa_May
2717.jpg,Theresa_May
2718.jpg,Theresa_May
2719.jpg,Theresa_May
2720.jpg,Theresa_May
2721.jpg,Theresa_May
2722.jpg,Theresa_May
2723.jpg,Theresa_May
2724.jpg,Theresa_May
2725.jpg,Theresa_May
2726.jpg,Theresa_May
2727.jpg,Theresa_May
2728.jpg,Theresa_May
2729.jpg,Theresa_May
2730.jpg,Theresa_May
2731.jpg,Theresa_May
2732.jpg,Theresa_May
2733.jpg,Theresa_May
2734.jpg,Theresa_May
2735.jpg,Theresa_May
2736.jpg,Theresa_May
2737.jpg,Theresa_May
2738.jpg,Theresa_May
2739.jpg,Theresa_May
2740.jpg,Theresa_May
2741.jpg,Theresa_May
2742.jpg,Theresa_May
2743.jpg,Theresa_May
2744.jpg,Theresa_May
2745.jpg,Theresa_May
2746.jpg,Theresa_May
2747.jpg,Theresa_May
2748.jpg,Theresa_May
2749.jpg,Theresa_May
2750.jpg,Theresa_May
2751.jpg,Theresa_May
2752.jpg,Theresa_May
2753.jpg,Theresa_May
2754.jpg,Theresa_May
2755.jpg,Theresa_May
2756.jpg,Theresa_May
2757.jpg,Theresa_May
2758.jpg,Theresa_May
2759.jpg,Theresa_May
2760.jpg,Theresa_May
2761.jpg,Theresa_May
2762.jpg,Theresa_May
2763.jpg,Theresa_May
2764.jpg,Theresa_May
2765.jpg,Theresa_May
2766.jpg,Theresa_May
2767.jpg,Theresa_May
2768.jpg,Theresa_May
2769.jpg,Theresa_May
2770.jpg,Theresa_May
2771.jpg,Theresa_May
2772.jpg,Theresa_May
2773.jpg,Theresa_May
2774.jpg,Theresa_May
2775.jpg,Theresa_May
2776.jpg,Theresa_May
2777.jpg,Theresa_May
2778.jpg,Theresa_May
2779.jpg,Theresa_May
2780.jpg,Theresa_May
2781.jpg,Theresa_May
2782.jpg,Theresa_May
2783.jpg,Theresa_May
2784.jpg,Theresa_May
2785.jpg,Theresa_May
2786.jpg,Theresa_May
2787.jpg,Theresa_May
2788.jpg,Theresa_May
2789.jpg,Theresa_May
2790.jpg,Theresa_May
2791.jpg,Theresa_May
2792.jpg,Theresa_May
2793.jpg,Theresa_May
2794.jpg,Theresa_May
2795.jpg,Theresa_May
2796.jpg,Theresa_May
2797.jpg,Theresa_May
2798.jpg,Theresa_May
2799.jpg,Theresa_May
2800.jpg,Theresa_May
2801.jpg,Theresa_May
2802.jpg,Theresa_May
2803.jpg,Theresa_May
2804.jpg,Theresa_May
2805.jpg,Theresa_May
2806.jpg,Theresa_May
2807.jpg,Theresa_May
2808.jpg,Theresa_May
2809.jpg,Theresa_May
2810.jpg,Theresa_May
2811.jpg,Theresa_May
2812.jpg,Theresa_May
2813.jpg,Theresa_May
2814.jpg,Theresa_May
2815.jpg,Theresa_May
2816.jpg,Theresa_May
2817.jpg,Theresa_May
2818.jpg,Theresa_May
2819.jpg,Theresa_May
2820.jpg,Theresa_May
2821.jpg,Theresa_May
2822.jpg,Theresa_May
2823.jpg,Theresa_May
2824.jpg,Theresa_May
2825.jpg,Theresa_May
2826.jpg,Theresa_May
2827.jpg,Theresa_May
2828.jpg,Theresa_May
2829.jpg,Theresa_May
2830.jpg,Theresa_May
2831.jpg,Theresa_May
2832.jpg,Theresa_May
2833.jpg,Theresa_May
2834.jpg,Theresa_May
2835.jpg,Theresa_May
2836.jpg,Theresa_May
2837.jpg,Theresa_May
2838.jpg,Theresa_May
2839.jpg,Theresa_May
2840.jpg,Theresa_May
2841.jpg,Theresa_May
2842.jpg,Theresa_May
2843.jpg,Theresa_May
2844.jpg,Theresa_May
2845.jpg,Theresa_May
2846.jpg,Theresa_May
2847.jpg,Theresa_May
2848.jpg,Theresa_May
2849.jpg,Theresa_May
2850.jpg,Theresa_May
2851.jpg,Theresa_May
2852.jpg,Theresa_May
2853.jpg,Theresa_May
2854.jpg,Theresa_May
2855.jpg,Theresa_May
2856.jpg,Theresa_May
2857.jpg,Theresa_May
2858.jpg,Theresa_May
2859.jpg,Theresa_May
2860.jpg,Theresa_May
2861.jpg,Theresa_May
2862.jpg,Theresa_May
2863.jpg,Theresa_May
2864.jpg,Theresa_May
2865.jpg,Theresa_May
2866.jpg,Theresa_May
2867.jpg,Theresa_May
2868.jpg,Theresa_May
2869.jpg,Theresa_May
2870.jpg,Theresa_May
2871.jpg,Theresa_May
2872.jpg,Theresa_May
2873.jpg,Theresa_May
2874.jpg,Theresa_May
2875.jpg,Theresa_May
2876.jpg,Theresa_May
2877.jpg,Theresa_May
2878.jpg,Theresa_May
2879.jpg,Theresa_May
2880.jpg,Theresa_May
2881.jpg,Theresa_May
2882.jpg,Theresa_May
2883.jpg,Theresa_May
2884.jpg,Theresa_May
2885.jpg,Theresa_May
2886.jpg,Theresa_May
2887.jpg,Theresa_May
2888.jpg,Theresa_May
2889.jpg,Theresa_May
2890.jpg,Theresa_May
2891.jpg,Theresa_May
2892.jpg,Theresa_May
2893.jpg,Theresa_May
2894.jpg,Theresa_May
2895.jpg,Theresa_May
2896.jpg,Theresa_May
2897.jpg,Theresa_May
2898.jpg,Theresa_May
2899.jpg,Theresa_May
2900.jpg,Theresa_May
2901.jpg,Theresa_May
2902.jpg,Theresa_May
2903.jpg,Theresa_May
2904.jpg,Theresa_May
2905.jpg,Theresa_May
2906.jpg,Theresa_May
2907.jpg,Theresa_May
2908.jpg,Theresa_May
2909.jpg,Theresa_May
2910.jpg,Theresa_May
2911.jpg,Theresa_May
2912.jpg,Theresa_May
2913.jpg,Theresa_May
2914.jpg,Theresa_May
2915.jpg,Theresa_May
2916.jpg,Theresa_May
2917.jpg,Theresa_May
2918.jpg,Theresa_May
2919.jpg,Theresa_May
2920.jpg,Theresa_May
2921.jpg,Theresa_May
2922.jpg,Theresa_May
2923.jpg,Theresa_May
2924.jpg,Theresa_May
2925.jpg,Theresa_May
2926.jpg,Theresa_May
2927.jpg,Theresa_May
2928.jpg,Theresa_May
2929.jpg,Theresa_May
2930.jpg,Theresa_May
2931.jpg,Theresa_May
2932.jpg,Theresa_May
2933.jpg,Theresa_May
2934.jpg,Theresa_May
2935.jpg,Theresa_May
2936.jpg,Theresa_May
2937.jpg,Theresa_May
2938.jpg,Theresa_May
2939.jpg,Theresa_May
2940.jpg,Theresa_May
2941.jpg,Theresa_May
2942.jpg,Theresa_May
2943.jpg,Theresa_May
2944.jpg,Theresa_May
2945.jpg,Theresa_May
2946.jpg,Theresa_May
2947.jpg,Theresa_May
2948.jpg,Theresa_May
2949.jpg,Theresa_May
2950.jpg,Theresa_May
2951.jpg,Theresa_May
2952.jpg,Theresa_May
2953.jpg,Theresa_May
2954.jpg,Theresa_May
2955.jpg,Theresa_May
2956.jpg,Theresa_May
2957.jpg,Theresa_May
2958.jpg,Theresa_May
2959.jpg,Theresa_May
2960.jpg,Theresa_May
2961.jpg,Theresa_May
2962.jpg,Theresa_May
2963.jpg,Theresa_May
2964.jpg,Theresa_May
2965.jpg,Theresa_May
2966.jpg,Theresa_May
2967.jpg,Theresa_May
2968.jpg,Theresa_May
2969.jpg,Theresa_May
2970.jpg,Theresa_May
2971.jpg,Theresa_May
2972.jpg,Theresa_May
2973.jpg,Theresa_May
2974.jpg,Theresa_May
2975.jpg,Theresa_May
2976.jpg,Theresa_May
2977.jpg,Theresa_May
2978.jpg,Theresa_May
2979.jpg,Theresa_May
2980.jpg,Theresa_May
2981.jpg,Theresa_May
2982.jpg,Theresa_May
2983.jpg,Theresa_May
2984.jpg,Theresa_May
2985.jpg,Theresa_May
2986.jpg,Theresa_May
2987.jpg,Theresa_May
2988.jpg,Theresa_May
2989.jpg,Theresa_May
2990.jpg,Theresa_May
2991.jpg,Theresa_May
2992.jpg,Theresa_May
2993.jpg,Theresa_May
